bvCYJMcIK@gmail.com,READ,2024-09-15 02:36:48
qdvvSuCYKNY@mail.ru,UPDATE,2024-09-15 11:23:35
tyEfqwUCJgK@mail.ru,CREATE,2024-09-15 20:48:13
ewJrlMqm@ya.ru,DELETE,2024-09-15 10:37:40
KxIlCkKrBxTz@ya.ru,CREATE,2024-09-15 17:57:40
qdvvSuCYKNY@mail.ru,CREATE,2024-09-15 00:07:43
ewJrlMqm@ya.ru,DELETE,2024-09-15 23:59:45
tyEfqwUCJgK@mail.ru,CREATE,2024-09-15 09:50:43
KxIlCkKrBxTz@ya.ru,UPDATE,2024-09-15 09:55:06
ewJrlMqm@ya.ru,CREATE,2024-09-15 06:53:54
tyEfqwUCJgK@mail.ru,DELETE,2024-09-15 06:12:08
WnRjJLIJwlAf@ya.ru,DELETE,2024-09-15 04:35:01
tyEfqwUCJgK@mail.ru,UPDATE,2024-09-15 03:45:34
bvCYJMcIK@gmail.com,CREATE,2024-09-15 15:30:27
lmKdDH@ya.ru,DELETE,2024-09-15 05:25:20
tyEfqwUCJgK@mail.ru,CREATE,2024-09-15 06:03:55
bvCYJMcIK@gmail.com,READ,2024-09-15 16:01:14
IHxDlHOMbkyGL@mail.ru,UPDATE,2024-09-15 05:22:09
oqWcc@mail.ru,CREATE,2024-09-15 03:03:27
tyEfqwUCJgK@mail.ru,CREATE,2024-09-15 03:08:35
ewJrlMqm@ya.ru,DELETE,2024-09-15 06:57:35
BSqsEmLNSSNgsm@mail.ru,UPDATE,2024-09-15 11:12:12
ewJrlMqm@ya.ru,DELETE,2024-09-15 20:19:11
oqWcc@mail.ru,READ,2024-09-15 07:55:15
ewJrlMqm@ya.ru,DELETE,2024-09-15 15:21:55
BSqsEmLNSSNgsm@mail.ru,CREATE,2024-09-15 01:03:46
ewJrlMqm@ya.ru,READ,2024-09-15 08:28:00
KxIlCkKrBxTz@ya.ru,UPDATE,2024-09-15 11:49:40
qdvvSuCYKNY@mail.ru,CREATE,2024-09-15 16:23:20
oqWcc@mail.ru,CREATE,2024-09-15 14:30:29
KxIlCkKrBxTz@ya.ru,CREATE,2024-09-15 12:26:26
ewJrlMqm@ya.ru,UPDATE,2024-09-15 06:27:45
ewJrlMqm@ya.ru,CREATE,2024-09-15 23:39:23
oqWcc@mail.ru,READ,2024-09-15 01:59:50
BSqsEmLNSSNgsm@mail.ru,READ,2024-09-15 21:27:04
bvCYJMcIK@gmail.com,UPDATE,2024-09-15 13:21:22
tyEfqwUCJgK@mail.ru,READ,2024-09-15 02:35:42
qdvvSuCYKNY@mail.ru,DELETE,2024-09-15 02:02:44
BSqsEmLNSSNgsm@mail.ru,UPDATE,2024-09-15 08:17:38
IHxDlHOMbkyGL@mail.ru,CREATE,2024-09-15 18:13:55
tyEfqwUCJgK@mail.ru,UPDATE,2024-09-15 09:02:36
oqWcc@mail.ru,UPDATE,2024-09-15 10:57:11
ewJrlMqm@ya.ru,DELETE,2024-09-15 10:34:43
WnRjJLIJwlAf@ya.ru,DELETE,2024-09-15 11:21:50
lmKdDH@ya.ru,CREATE,2024-09-15 05:51:03
WnRjJLIJwlAf@ya.ru,READ,2024-09-15 22:54:53
qdvvSuCYKNY@mail.ru,UPDATE,2024-09-15 12:29:38
BSqsEmLNSSNgsm@mail.ru,CREATE,2024-09-15 18:24:08
IHxDlHOMbkyGL@mail.ru,CREATE,2024-09-15 04:39:19
KxIlCkKrBxTz@ya.ru,CREATE,2024-09-15 21:41:48
KxIlCkKrBxTz@ya.ru,READ,2024-09-15 04:22:40
KxIlCkKrBxTz@ya.ru,CREATE,2024-09-15 20:44:18
ewJrlMqm@ya.ru,DELETE,2024-09-15 09:45:56
WnRjJLIJwlAf@ya.ru,UPDATE,2024-09-15 14:21:22
oqWcc@mail.ru,UPDATE,2024-09-15 03:07:43
WnRjJLIJwlAf@ya.ru,UPDATE,2024-09-15 13:20:16
WnRjJLIJwlAf@ya.ru,CREATE,2024-09-15 13:48:08
WnRjJLIJwlAf@ya.ru,UPDATE,2024-09-15 20:42:24
BSqsEmLNSSNgsm@mail.ru,READ,2024-09-15 10:19:06
bvCYJMcIK@gmail.com,UPDATE,2024-09-15 01:12:19
oqWcc@mail.ru,UPDATE,2024-09-15 06:03:22
lmKdDH@ya.ru,UPDATE,2024-09-15 11:43:12
qdvvSuCYKNY@mail.ru,DELETE,2024-09-15 12:22:39
ewJrlMqm@ya.ru,DELETE,2024-09-15 16:03:27
WnRjJLIJwlAf@ya.ru,CREATE,2024-09-15 11:15:17
lmKdDH@ya.ru,CREATE,2024-09-15 21:53:50
ewJrlMqm@ya.ru,UPDATE,2024-09-15 09:21:49
oqWcc@mail.ru,READ,2024-09-15 23:44:25
IHxDlHOMbkyGL@mail.ru,READ,2024-09-15 15:14:53
ewJrlMqm@ya.ru,DELETE,2024-09-15 05:27:23
ewJrlMqm@ya.ru,UPDATE,2024-09-15 21:16:37
tyEfqwUCJgK@mail.ru,UPDATE,2024-09-15 03:35:34
KxIlCkKrBxTz@ya.ru,CREATE,2024-09-15 14:17:17
IHxDlHOMbkyGL@mail.ru,UPDATE,2024-09-15 23:53:31
bvCYJMcIK@gmail.com,CREATE,2024-09-15 06:52:36
qdvvSuCYKNY@mail.ru,DELETE,2024-09-15 23:01:57
WnRjJLIJwlAf@ya.ru,DELETE,2024-09-15 14:47:00
lmKdDH@ya.ru,UPDATE,2024-09-15 07:56:37
KxIlCkKrBxTz@ya.ru,READ,2024-09-15 06:42:57
IHxDlHOMbkyGL@mail.ru,UPDATE,2024-09-15 08:05:34
KxIlCkKrBxTz@ya.ru,CREATE,2024-09-15 06:18:16
ewJrlMqm@ya.ru,READ,2024-09-15 09:15:51
BSqsEmLNSSNgsm@mail.ru,READ,2024-09-15 15:22:09
bvCYJMcIK@gmail.com,CREATE,2024-09-15 01:08:11
oqWcc@mail.ru,READ,2024-09-15 09:36:40
BSqsEmLNSSNgsm@mail.ru,CREATE,2024-09-15 22:25:06
oqWcc@mail.ru,DELETE,2024-09-15 07:54:21
tyEfqwUCJgK@mail.ru,READ,2024-09-15 10:33:58
lmKdDH@ya.ru,CREATE,2024-09-15 07:44:40
WnRjJLIJwlAf@ya.ru,UPDATE,2024-09-15 20:56:07
lmKdDH@ya.ru,UPDATE,2024-09-15 14:30:17
ewJrlMqm@ya.ru,CREATE,2024-09-15 21:07:19
IHxDlHOMbkyGL@mail.ru,DELETE,2024-09-15 19:50:15
lmKdDH@ya.ru,DELETE,2024-09-15 03:51:53
KxIlCkKrBxTz@ya.ru,DELETE,2024-09-15 10:18:28
bvCYJMcIK@gmail.com,UPDATE,2024-09-15 01:46:43
ewJrlMqm@ya.ru,READ,2024-09-15 22:51:12
KxIlCkKrBxTz@ya.ru,DELETE,2024-09-15 16:41:01
BSqsEmLNSSNgsm@mail.ru,READ,2024-09-15 11:06:10
IHxDlHOMbkyGL@mail.ru,UPDATE,2024-09-15 15:10:07
tyEfqwUCJgK@mail.ru,UPDATE,2024-09-15 15:07:47
KxIlCkKrBxTz@ya.ru,DELETE,2024-09-15 00:37:52
bvCYJMcIK@gmail.com,READ,2024-09-15 01:03:03
bvCYJMcIK@gmail.com,UPDATE,2024-09-15 19:26:00
bvCYJMcIK@gmail.com,CREATE,2024-09-15 10:40:05
oqWcc@mail.ru,CREATE,2024-09-15 18:48:29
IHxDlHOMbkyGL@mail.ru,UPDATE,2024-09-15 04:15:52
oqWcc@mail.ru,CREATE,2024-09-15 22:08:35
WnRjJLIJwlAf@ya.ru,CREATE,2024-09-15 15:33:38
bvCYJMcIK@gmail.com,CREATE,2024-09-15 01:46:39
BSqsEmLNSSNgsm@mail.ru,DELETE,2024-09-15 23:40:45
IHxDlHOMbkyGL@mail.ru,DELETE,2024-09-15 22:38:43
lmKdDH@ya.ru,DELETE,2024-09-15 07:08:54
BSqsEmLNSSNgsm@mail.ru,CREATE,2024-09-15 12:06:18
KxIlCkKrBxTz@ya.ru,UPDATE,2024-09-15 04:41:32
lmKdDH@ya.ru,DELETE,2024-09-15 21:36:49
tyEfqwUCJgK@mail.ru,READ,2024-09-15 18:03:54
bvCYJMcIK@gmail.com,CREATE,2024-09-15 21:03:08
WnRjJLIJwlAf@ya.ru,CREATE,2024-09-15 07:33:13
BSqsEmLNSSNgsm@mail.ru,CREATE,2024-09-15 02:01:38
lmKdDH@ya.ru,CREATE,2024-09-15 06:50:50
BSqsEmLNSSNgsm@mail.ru,UPDATE,2024-09-15 01:27:04
qdvvSuCYKNY@mail.ru,CREATE,2024-09-15 04:00:22
IHxDlHOMbkyGL@mail.ru,READ,2024-09-15 07:49:22
IHxDlHOMbkyGL@mail.ru,CREATE,2024-09-15 16:52:57
oqWcc@mail.ru,DELETE,2024-09-15 08:07:55
IHxDlHOMbkyGL@mail.ru,CREATE,2024-09-15 07:54:47
IHxDlHOMbkyGL@mail.ru,DELETE,2024-09-15 14:14:54
bvCYJMcIK@gmail.com,CREATE,2024-09-15 14:04:41
bvCYJMcIK@gmail.com,UPDATE,2024-09-15 04:01:18
lmKdDH@ya.ru,DELETE,2024-09-15 13:44:05
qdvvSuCYKNY@mail.ru,READ,2024-09-15 22:53:13
tyEfqwUCJgK@mail.ru,DELETE,2024-09-15 01:25:04
qdvvSuCYKNY@mail.ru,CREATE,2024-09-15 21:28:07
IHxDlHOMbkyGL@mail.ru,UPDATE,2024-09-15 02:01:07
oqWcc@mail.ru,READ,2024-09-15 16:36:15
WnRjJLIJwlAf@ya.ru,UPDATE,2024-09-15 10:13:14
qdvvSuCYKNY@mail.ru,READ,2024-09-15 09:08:20
tyEfqwUCJgK@mail.ru,READ,2024-09-15 17:17:07
lmKdDH@ya.ru,CREATE,2024-09-15 11:37:17
qdvvSuCYKNY@mail.ru,CREATE,2024-09-15 00:51:01
IHxDlHOMbkyGL@mail.ru,CREATE,2024-09-15 17:47:12
ewJrlMqm@ya.ru,READ,2024-09-15 17:09:22
WnRjJLIJwlAf@ya.ru,UPDATE,2024-09-15 08:47:27
IHxDlHOMbkyGL@mail.ru,DELETE,2024-09-15 14:39:51
tyEfqwUCJgK@mail.ru,DELETE,2024-09-15 07:42:58
bvCYJMcIK@gmail.com,UPDATE,2024-09-15 19:50:12
qdvvSuCYKNY@mail.ru,CREATE,2024-09-15 22:16:42
WnRjJLIJwlAf@ya.ru,CREATE,2024-09-15 20:34:42
qdvvSuCYKNY@mail.ru,CREATE,2024-09-15 18:50:08
lmKdDH@ya.ru,DELETE,2024-09-15 12:00:53
qdvvSuCYKNY@mail.ru,UPDATE,2024-09-15 11:11:51
oqWcc@mail.ru,READ,2024-09-15 03:50:15
lmKdDH@ya.ru,READ,2024-09-15 22:12:27
ewJrlMqm@ya.ru,CREATE,2024-09-15 18:49:42
qdvvSuCYKNY@mail.ru,UPDATE,2024-09-15 04:20:07
BSqsEmLNSSNgsm@mail.ru,UPDATE,2024-09-15 14:22:10
KxIlCkKrBxTz@ya.ru,READ,2024-09-15 18:50:31
lmKdDH@ya.ru,DELETE,2024-09-15 17:20:27
lmKdDH@ya.ru,CREATE,2024-09-15 04:08:10
tyEfqwUCJgK@mail.ru,READ,2024-09-15 21:27:36
KxIlCkKrBxTz@ya.ru,DELETE,2024-09-15 11:35:03
tyEfqwUCJgK@mail.ru,READ,2024-09-15 17:53:14
qdvvSuCYKNY@mail.ru,READ,2024-09-15 20:10:11
ewJrlMqm@ya.ru,UPDATE,2024-09-15 06:38:33
WnRjJLIJwlAf@ya.ru,UPDATE,2024-09-15 21:57:05
ewJrlMqm@ya.ru,READ,2024-09-15 13:08:10
BSqsEmLNSSNgsm@mail.ru,UPDATE,2024-09-15 14:29:03
qdvvSuCYKNY@mail.ru,DELETE,2024-09-15 21:45:47
BSqsEmLNSSNgsm@mail.ru,UPDATE,2024-09-15 14:29:07
KxIlCkKrBxTz@ya.ru,READ,2024-09-15 03:02:03
BSqsEmLNSSNgsm@mail.ru,DELETE,2024-09-15 22:40:52
oqWcc@mail.ru,DELETE,2024-09-15 16:31:28
lmKdDH@ya.ru,READ,2024-09-15 03:24:22
BSqsEmLNSSNgsm@mail.ru,UPDATE,2024-09-15 02:05:39
IHxDlHOMbkyGL@mail.ru,READ,2024-09-15 00:05:11
IHxDlHOMbkyGL@mail.ru,UPDATE,2024-09-15 09:38:53
qdvvSuCYKNY@mail.ru,DELETE,2024-09-15 10:25:05
IHxDlHOMbkyGL@mail.ru,READ,2024-09-15 11:32:54
qdvvSuCYKNY@mail.ru,UPDATE,2024-09-15 02:12:10
KxIlCkKrBxTz@ya.ru,CREATE,2024-09-15 02:57:12
bvCYJMcIK@gmail.com,UPDATE,2024-09-15 16:17:49
ewJrlMqm@ya.ru,DELETE,2024-09-15 06:29:45
tyEfqwUCJgK@mail.ru,DELETE,2024-09-15 14:19:07
qdvvSuCYKNY@mail.ru,CREATE,2024-09-15 04:49:33
WnRjJLIJwlAf@ya.ru,UPDATE,2024-09-15 17:29:25
tyEfqwUCJgK@mail.ru,DELETE,2024-09-15 16:25:14
oqWcc@mail.ru,DELETE,2024-09-15 12:49:02
BSqsEmLNSSNgsm@mail.ru,UPDATE,2024-09-15 09:23:47
KxIlCkKrBxTz@ya.ru,UPDATE,2024-09-15 00:57:27
WnRjJLIJwlAf@ya.ru,READ,2024-09-15 08:07:02
IHxDlHOMbkyGL@mail.ru,DELETE,2024-09-15 07:03:53
WnRjJLIJwlAf@ya.ru,UPDATE,2024-09-15 04:11:54
BSqsEmLNSSNgsm@mail.ru,READ,2024-09-15 16:36:39
lmKdDH@ya.ru,DELETE,2024-09-15 16:08:59
lmKdDH@ya.ru,DELETE,2024-09-15 13:10:17
IHxDlHOMbkyGL@mail.ru,CREATE,2024-09-15 03:28:22
tyEfqwUCJgK@mail.ru,READ,2024-09-15 21:17:36
KxIlCkKrBxTz@ya.ru,DELETE,2024-09-15 14:22:21
oqWcc@mail.ru,DELETE,2024-09-15 01:35:55
IHxDlHOMbkyGL@mail.ru,CREATE,2024-09-15 14:07:10
ewJrlMqm@ya.ru,DELETE,2024-09-15 11:26:27
lmKdDH@ya.ru,UPDATE,2024-09-15 10:02:57
bvCYJMcIK@gmail.com,UPDATE,2024-09-15 23:40:48
ewJrlMqm@ya.ru,DELETE,2024-09-15 16:13:53
tyEfqwUCJgK@mail.ru,READ,2024-09-15 05:36:37
bvCYJMcIK@gmail.com,DELETE,2024-09-15 21:24:50
ewJrlMqm@ya.ru,CREATE,2024-09-15 23:28:31
lmKdDH@ya.ru,CREATE,2024-09-15 08:41:25
WnRjJLIJwlAf@ya.ru,CREATE,2024-09-15 03:27:56
lmKdDH@ya.ru,READ,2024-09-15 19:25:27
lmKdDH@ya.ru,UPDATE,2024-09-15 22:07:28
bvCYJMcIK@gmail.com,DELETE,2024-09-15 03:44:22
oqWcc@mail.ru,CREATE,2024-09-15 20:01:29
oqWcc@mail.ru,READ,2024-09-15 12:24:48
bvCYJMcIK@gmail.com,UPDATE,2024-09-15 22:01:59
BSqsEmLNSSNgsm@mail.ru,UPDATE,2024-09-15 22:28:13
tyEfqwUCJgK@mail.ru,DELETE,2024-09-15 22:36:23
lmKdDH@ya.ru,READ,2024-09-15 02:13:31
WnRjJLIJwlAf@ya.ru,UPDATE,2024-09-15 02:25:40
lmKdDH@ya.ru,DELETE,2024-09-15 22:28:00
IHxDlHOMbkyGL@mail.ru,DELETE,2024-09-15 18:38:21
tyEfqwUCJgK@mail.ru,READ,2024-09-15 19:30:23
tyEfqwUCJgK@mail.ru,UPDATE,2024-09-15 10:33:16
qdvvSuCYKNY@mail.ru,READ,2024-09-15 02:39:11
bvCYJMcIK@gmail.com,UPDATE,2024-09-15 21:24:52
KxIlCkKrBxTz@ya.ru,UPDATE,2024-09-15 19:09:59
ewJrlMqm@ya.ru,UPDATE,2024-09-15 05:29:10
IHxDlHOMbkyGL@mail.ru,CREATE,2024-09-15 07:07:00
qdvvSuCYKNY@mail.ru,DELETE,2024-09-15 09:50:54
IHxDlHOMbkyGL@mail.ru,CREATE,2024-09-15 11:29:34
oqWcc@mail.ru,READ,2024-09-15 09:24:06
qdvvSuCYKNY@mail.ru,DELETE,2024-09-15 03:42:40
qdvvSuCYKNY@mail.ru,READ,2024-09-15 09:50:24
WnRjJLIJwlAf@ya.ru,READ,2024-09-15 20:10:23
oqWcc@mail.ru,CREATE,2024-09-15 22:35:20
WnRjJLIJwlAf@ya.ru,DELETE,2024-09-15 23:53:27
lmKdDH@ya.ru,CREATE,2024-09-15 16:03:02
IHxDlHOMbkyGL@mail.ru,CREATE,2024-09-15 00:23:24
WnRjJLIJwlAf@ya.ru,CREATE,2024-09-15 00:10:02
qdvvSuCYKNY@mail.ru,UPDATE,2024-09-15 21:33:06
lmKdDH@ya.ru,READ,2024-09-15 04:55:51
KxIlCkKrBxTz@ya.ru,CREATE,2024-09-15 21:14:12
ewJrlMqm@ya.ru,READ,2024-09-15 02:51:04
bvCYJMcIK@gmail.com,READ,2024-09-15 10:15:37
BSqsEmLNSSNgsm@mail.ru,READ,2024-09-15 12:17:16
lmKdDH@ya.ru,CREATE,2024-09-15 00:27:21
ewJrlMqm@ya.ru,UPDATE,2024-09-15 13:21:40
WnRjJLIJwlAf@ya.ru,CREATE,2024-09-15 19:28:42
WnRjJLIJwlAf@ya.ru,READ,2024-09-15 02:41:35
bvCYJMcIK@gmail.com,UPDATE,2024-09-15 04:21:57
WnRjJLIJwlAf@ya.ru,CREATE,2024-09-15 12:18:03
WnRjJLIJwlAf@ya.ru,DELETE,2024-09-15 02:47:28
BSqsEmLNSSNgsm@mail.ru,DELETE,2024-09-15 11:44:38
KxIlCkKrBxTz@ya.ru,UPDATE,2024-09-15 11:57:06
lmKdDH@ya.ru,CREATE,2024-09-15 08:45:33
KxIlCkKrBxTz@ya.ru,UPDATE,2024-09-15 23:47:57
KxIlCkKrBxTz@ya.ru,DELETE,2024-09-15 10:46:12
oqWcc@mail.ru,READ,2024-09-15 02:17:18
lmKdDH@ya.ru,READ,2024-09-15 06:20:41
WnRjJLIJwlAf@ya.ru,UPDATE,2024-09-15 23:39:22
BSqsEmLNSSNgsm@mail.ru,DELETE,2024-09-15 06:39:01
KxIlCkKrBxTz@ya.ru,UPDATE,2024-09-15 09:46:18
ewJrlMqm@ya.ru,UPDATE,2024-09-15 16:29:08
BSqsEmLNSSNgsm@mail.ru,CREATE,2024-09-15 14:04:36
oqWcc@mail.ru,READ,2024-09-15 18:37:41
qdvvSuCYKNY@mail.ru,DELETE,2024-09-15 09:53:47
KxIlCkKrBxTz@ya.ru,UPDATE,2024-09-15 22:27:54
BSqsEmLNSSNgsm@mail.ru,UPDATE,2024-09-15 12:27:19
bvCYJMcIK@gmail.com,READ,2024-09-15 12:03:29
BSqsEmLNSSNgsm@mail.ru,READ,2024-09-15 10:58:30
oqWcc@mail.ru,DELETE,2024-09-15 13:32:01
BSqsEmLNSSNgsm@mail.ru,DELETE,2024-09-15 04:31:31
lmKdDH@ya.ru,UPDATE,2024-09-15 20:00:46
ewJrlMqm@ya.ru,READ,2024-09-15 08:34:21
bvCYJMcIK@gmail.com,DELETE,2024-09-15 05:24:02
bvCYJMcIK@gmail.com,CREATE,2024-09-15 20:11:19
tyEfqwUCJgK@mail.ru,DELETE,2024-09-15 10:32:14
tyEfqwUCJgK@mail.ru,CREATE,2024-09-15 13:40:13
lmKdDH@ya.ru,DELETE,2024-09-15 00:23:23
qdvvSuCYKNY@mail.ru,READ,2024-09-15 21:27:39
WnRjJLIJwlAf@ya.ru,READ,2024-09-15 19:10:29
IHxDlHOMbkyGL@mail.ru,UPDATE,2024-09-15 09:33:43
IHxDlHOMbkyGL@mail.ru,READ,2024-09-15 01:17:22
BSqsEmLNSSNgsm@mail.ru,DELETE,2024-09-15 01:53:56
ewJrlMqm@ya.ru,UPDATE,2024-09-15 02:44:51
oqWcc@mail.ru,UPDATE,2024-09-15 23:06:51
oqWcc@mail.ru,READ,2024-09-15 17:11:09
tyEfqwUCJgK@mail.ru,CREATE,2024-09-15 01:42:22
ewJrlMqm@ya.ru,UPDATE,2024-09-15 03:35:14
qdvvSuCYKNY@mail.ru,READ,2024-09-15 23:58:55
BSqsEmLNSSNgsm@mail.ru,READ,2024-09-15 17:56:05
WnRjJLIJwlAf@ya.ru,UPDATE,2024-09-15 17:16:00
tyEfqwUCJgK@mail.ru,CREATE,2024-09-15 04:58:40
tyEfqwUCJgK@mail.ru,DELETE,2024-09-15 07:14:43
tyEfqwUCJgK@mail.ru,CREATE,2024-09-15 06:40:52
ewJrlMqm@ya.ru,DELETE,2024-09-15 07:12:36
bvCYJMcIK@gmail.com,READ,2024-09-15 22:38:42
qdvvSuCYKNY@mail.ru,DELETE,2024-09-15 21:09:14
IHxDlHOMbkyGL@mail.ru,UPDATE,2024-09-15 02:17:08
ewJrlMqm@ya.ru,DELETE,2024-09-15 21:35:53
oqWcc@mail.ru,DELETE,2024-09-15 20:31:25
ewJrlMqm@ya.ru,UPDATE,2024-09-15 21:54:16
IHxDlHOMbkyGL@mail.ru,READ,2024-09-15 13:02:03
ewJrlMqm@ya.ru,CREATE,2024-09-15 07:57:29
lmKdDH@ya.ru,DELETE,2024-09-15 16:11:40
bvCYJMcIK@gmail.com,UPDATE,2024-09-15 20:36:13
lmKdDH@ya.ru,UPDATE,2024-09-15 02:36:26
oqWcc@mail.ru,UPDATE,2024-09-15 18:08:52
qdvvSuCYKNY@mail.ru,DELETE,2024-09-15 09:21:31
bvCYJMcIK@gmail.com,DELETE,2024-09-15 12:13:42
oqWcc@mail.ru,UPDATE,2024-09-15 22:10:32
BSqsEmLNSSNgsm@mail.ru,READ,2024-09-15 06:37:02
lmKdDH@ya.ru,DELETE,2024-09-15 09:25:18
qdvvSuCYKNY@mail.ru,READ,2024-09-15 06:06:18
qdvvSuCYKNY@mail.ru,READ,2024-09-15 05:13:04
oqWcc@mail.ru,DELETE,2024-09-15 06:01:29
oqWcc@mail.ru,UPDATE,2024-09-15 03:41:10
lmKdDH@ya.ru,DELETE,2024-09-15 22:24:24
KxIlCkKrBxTz@ya.ru,UPDATE,2024-09-15 02:18:36
BSqsEmLNSSNgsm@mail.ru,UPDATE,2024-09-15 16:32:51
BSqsEmLNSSNgsm@mail.ru,DELETE,2024-09-15 01:25:28
lmKdDH@ya.ru,UPDATE,2024-09-15 01:18:19
lmKdDH@ya.ru,CREATE,2024-09-15 11:40:41
KxIlCkKrBxTz@ya.ru,CREATE,2024-09-15 13:08:53
BSqsEmLNSSNgsm@mail.ru,READ,2024-09-15 18:23:37
oqWcc@mail.ru,UPDATE,2024-09-15 15:43:09
ewJrlMqm@ya.ru,UPDATE,2024-09-15 19:51:50
BSqsEmLNSSNgsm@mail.ru,DELETE,2024-09-15 02:14:26
qdvvSuCYKNY@mail.ru,READ,2024-09-15 00:02:19
bvCYJMcIK@gmail.com,CREATE,2024-09-15 21:37:22
KxIlCkKrBxTz@ya.ru,UPDATE,2024-09-15 09:27:16
lmKdDH@ya.ru,CREATE,2024-09-15 15:37:02
BSqsEmLNSSNgsm@mail.ru,CREATE,2024-09-15 10:14:20
qdvvSuCYKNY@mail.ru,UPDATE,2024-09-15 11:37:55
lmKdDH@ya.ru,CREATE,2024-09-15 04:42:10
oqWcc@mail.ru,CREATE,2024-09-15 12:42:37
BSqsEmLNSSNgsm@mail.ru,CREATE,2024-09-15 05:05:06
lmKdDH@ya.ru,CREATE,2024-09-15 07:58:53
qdvvSuCYKNY@mail.ru,DELETE,2024-09-15 13:07:45
ewJrlMqm@ya.ru,DELETE,2024-09-15 09:32:00
oqWcc@mail.ru,READ,2024-09-15 23:53:12
IHxDlHOMbkyGL@mail.ru,CREATE,2024-09-15 02:45:33
WnRjJLIJwlAf@ya.ru,CREATE,2024-09-15 03:14:51
IHxDlHOMbkyGL@mail.ru,READ,2024-09-15 15:11:30
KxIlCkKrBxTz@ya.ru,UPDATE,2024-09-15 10:22:52
tyEfqwUCJgK@mail.ru,CREATE,2024-09-15 15:23:54
KxIlCkKrBxTz@ya.ru,DELETE,2024-09-15 07:12:57
qdvvSuCYKNY@mail.ru,DELETE,2024-09-15 21:37:54
qdvvSuCYKNY@mail.ru,DELETE,2024-09-15 00:26:19
bvCYJMcIK@gmail.com,UPDATE,2024-09-15 16:38:10
tyEfqwUCJgK@mail.ru,READ,2024-09-15 00:48:15
IHxDlHOMbkyGL@mail.ru,CREATE,2024-09-15 02:33:38
bvCYJMcIK@gmail.com,UPDATE,2024-09-15 01:38:10
qdvvSuCYKNY@mail.ru,UPDATE,2024-09-15 12:25:44
BSqsEmLNSSNgsm@mail.ru,READ,2024-09-15 13:46:40
oqWcc@mail.ru,UPDATE,2024-09-15 14:36:56
lmKdDH@ya.ru,DELETE,2024-09-15 09:15:59
qdvvSuCYKNY@mail.ru,CREATE,2024-09-15 17:50:06
WnRjJLIJwlAf@ya.ru,DELETE,2024-09-15 07:58:41
ewJrlMqm@ya.ru,READ,2024-09-15 17:37:13
qdvvSuCYKNY@mail.ru,READ,2024-09-15 18:55:41
BSqsEmLNSSNgsm@mail.ru,DELETE,2024-09-15 04:24:14
bvCYJMcIK@gmail.com,READ,2024-09-15 11:16:44
KxIlCkKrBxTz@ya.ru,READ,2024-09-15 18:39:21
WnRjJLIJwlAf@ya.ru,READ,2024-09-15 23:53:11
BSqsEmLNSSNgsm@mail.ru,UPDATE,2024-09-15 14:10:46
bvCYJMcIK@gmail.com,CREATE,2024-09-15 05:29:14
qdvvSuCYKNY@mail.ru,DELETE,2024-09-15 00:50:52
KxIlCkKrBxTz@ya.ru,READ,2024-09-15 18:18:18
KxIlCkKrBxTz@ya.ru,CREATE,2024-09-15 14:20:40
KxIlCkKrBxTz@ya.ru,READ,2024-09-15 10:00:22
bvCYJMcIK@gmail.com,CREATE,2024-09-15 00:30:41
qdvvSuCYKNY@mail.ru,DELETE,2024-09-15 19:55:18
oqWcc@mail.ru,CREATE,2024-09-15 14:04:48
oqWcc@mail.ru,UPDATE,2024-09-15 13:01:39
BSqsEmLNSSNgsm@mail.ru,DELETE,2024-09-15 22:21:16
tyEfqwUCJgK@mail.ru,CREATE,2024-09-15 23:36:10
BSqsEmLNSSNgsm@mail.ru,READ,2024-09-15 02:40:20
tyEfqwUCJgK@mail.ru,DELETE,2024-09-15 05:43:56
tyEfqwUCJgK@mail.ru,UPDATE,2024-09-15 08:50:09
tyEfqwUCJgK@mail.ru,CREATE,2024-09-15 07:35:50
WnRjJLIJwlAf@ya.ru,DELETE,2024-09-15 23:53:06
tyEfqwUCJgK@mail.ru,READ,2024-09-15 13:25:32
WnRjJLIJwlAf@ya.ru,UPDATE,2024-09-15 13:32:33
ewJrlMqm@ya.ru,DELETE,2024-09-15 05:04:06
KxIlCkKrBxTz@ya.ru,CREATE,2024-09-15 19:52:47
tyEfqwUCJgK@mail.ru,DELETE,2024-09-15 16:14:02
KxIlCkKrBxTz@ya.ru,READ,2024-09-15 03:35:00
WnRjJLIJwlAf@ya.ru,CREATE,2024-09-15 08:07:59
ewJrlMqm@ya.ru,CREATE,2024-09-15 09:38:19
IHxDlHOMbkyGL@mail.ru,CREATE,2024-09-15 21:54:59
KxIlCkKrBxTz@ya.ru,DELETE,2024-09-15 22:26:25
lmKdDH@ya.ru,CREATE,2024-09-15 19:32:31
BSqsEmLNSSNgsm@mail.ru,CREATE,2024-09-15 09:37:58
oqWcc@mail.ru,UPDATE,2024-09-15 18:48:19
ewJrlMqm@ya.ru,UPDATE,2024-09-15 14:45:02
KxIlCkKrBxTz@ya.ru,CREATE,2024-09-15 18:49:27
BSqsEmLNSSNgsm@mail.ru,CREATE,2024-09-15 05:11:15
tyEfqwUCJgK@mail.ru,UPDATE,2024-09-15 12:15:04
ewJrlMqm@ya.ru,DELETE,2024-09-15 15:17:48
IHxDlHOMbkyGL@mail.ru,DELETE,2024-09-15 21:09:56
KxIlCkKrBxTz@ya.ru,UPDATE,2024-09-15 22:23:33
lmKdDH@ya.ru,UPDATE,2024-09-15 12:22:05
ewJrlMqm@ya.ru,DELETE,2024-09-15 02:40:04
WnRjJLIJwlAf@ya.ru,UPDATE,2024-09-15 13:25:26
KxIlCkKrBxTz@ya.ru,CREATE,2024-09-15 01:10:31
IHxDlHOMbkyGL@mail.ru,DELETE,2024-09-15 05:02:31
tyEfqwUCJgK@mail.ru,READ,2024-09-15 08:51:54
WnRjJLIJwlAf@ya.ru,DELETE,2024-09-15 18:51:14
qdvvSuCYKNY@mail.ru,UPDATE,2024-09-15 21:24:45
qdvvSuCYKNY@mail.ru,DELETE,2024-09-15 23:07:53
lmKdDH@ya.ru,READ,2024-09-15 09:45:55
IHxDlHOMbkyGL@mail.ru,CREATE,2024-09-15 05:13:43
bvCYJMcIK@gmail.com,CREATE,2024-09-15 05:00:03
KxIlCkKrBxTz@ya.ru,READ,2024-09-15 05:39:42
oqWcc@mail.ru,DELETE,2024-09-15 01:07:41
BSqsEmLNSSNgsm@mail.ru,DELETE,2024-09-15 16:12:25
IHxDlHOMbkyGL@mail.ru,CREATE,2024-09-15 21:33:51
BSqsEmLNSSNgsm@mail.ru,UPDATE,2024-09-15 01:52:24
bvCYJMcIK@gmail.com,CREATE,2024-09-15 11:31:57
lmKdDH@ya.ru,DELETE,2024-09-15 04:45:15
tyEfqwUCJgK@mail.ru,CREATE,2024-09-15 16:53:46
oqWcc@mail.ru,CREATE,2024-09-15 23:16:57
bvCYJMcIK@gmail.com,READ,2024-09-15 08:00:14
qdvvSuCYKNY@mail.ru,CREATE,2024-09-15 06:40:00
WnRjJLIJwlAf@ya.ru,READ,2024-09-15 00:12:12
ewJrlMqm@ya.ru,UPDATE,2024-09-15 22:56:14
qdvvSuCYKNY@mail.ru,CREATE,2024-09-15 16:40:03
IHxDlHOMbkyGL@mail.ru,UPDATE,2024-09-15 14:54:30
oqWcc@mail.ru,UPDATE,2024-09-15 00:00:17
bvCYJMcIK@gmail.com,DELETE,2024-09-15 14:45:30
oqWcc@mail.ru,READ,2024-09-15 03:34:21
lmKdDH@ya.ru,DELETE,2024-09-15 13:08:07
IHxDlHOMbkyGL@mail.ru,CREATE,2024-09-15 22:50:53
KxIlCkKrBxTz@ya.ru,DELETE,2024-09-15 14:42:28
qdvvSuCYKNY@mail.ru,CREATE,2024-09-15 00:21:25
IHxDlHOMbkyGL@mail.ru,DELETE,2024-09-15 13:46:18
ewJrlMqm@ya.ru,READ,2024-09-15 11:36:38
lmKdDH@ya.ru,UPDATE,2024-09-15 00:35:10
qdvvSuCYKNY@mail.ru,CREATE,2024-09-15 01:49:44
WnRjJLIJwlAf@ya.ru,READ,2024-09-15 14:49:59
lmKdDH@ya.ru,READ,2024-09-15 18:11:50
IHxDlHOMbkyGL@mail.ru,READ,2024-09-15 00:41:10
KxIlCkKrBxTz@ya.ru,UPDATE,2024-09-15 12:57:15
oqWcc@mail.ru,CREATE,2024-09-15 04:33:08
BSqsEmLNSSNgsm@mail.ru,READ,2024-09-15 02:34:59
WnRjJLIJwlAf@ya.ru,DELETE,2024-09-15 09:25:22
BSqsEmLNSSNgsm@mail.ru,DELETE,2024-09-15 20:33:12
lmKdDH@ya.ru,UPDATE,2024-09-15 13:58:53
BSqsEmLNSSNgsm@mail.ru,UPDATE,2024-09-15 07:04:14
qdvvSuCYKNY@mail.ru,UPDATE,2024-09-15 17:58:48
IHxDlHOMbkyGL@mail.ru,UPDATE,2024-09-15 09:43:44
KxIlCkKrBxTz@ya.ru,READ,2024-09-15 12:08:42
IHxDlHOMbkyGL@mail.ru,READ,2024-09-15 21:33:49
lmKdDH@ya.ru,DELETE,2024-09-15 20:07:46
bvCYJMcIK@gmail.com,READ,2024-09-15 15:12:01
lmKdDH@ya.ru,DELETE,2024-09-15 10:51:45
WnRjJLIJwlAf@ya.ru,CREATE,2024-09-15 18:50:50
WnRjJLIJwlAf@ya.ru,CREATE,2024-09-15 10:47:46
bvCYJMcIK@gmail.com,UPDATE,2024-09-15 17:20:52
qdvvSuCYKNY@mail.ru,READ,2024-09-15 15:55:40
KxIlCkKrBxTz@ya.ru,UPDATE,2024-09-15 21:55:18
IHxDlHOMbkyGL@mail.ru,UPDATE,2024-09-15 05:17:07
oqWcc@mail.ru,CREATE,2024-09-15 20:21:08
oqWcc@mail.ru,UPDATE,2024-09-15 04:34:32
BSqsEmLNSSNgsm@mail.ru,READ,2024-09-15 22:12:43
WnRjJLIJwlAf@ya.ru,READ,2024-09-15 00:55:06
IHxDlHOMbkyGL@mail.ru,READ,2024-09-15 05:29:49
ewJrlMqm@ya.ru,DELETE,2024-09-15 12:33:07
WnRjJLIJwlAf@ya.ru,READ,2024-09-15 05:55:03
ewJrlMqm@ya.ru,READ,2024-09-15 05:33:50
IHxDlHOMbkyGL@mail.ru,UPDATE,2024-09-15 11:29:40
oqWcc@mail.ru,DELETE,2024-09-15 03:12:19
IHxDlHOMbkyGL@mail.ru,CREATE,2024-09-15 06:54:34
qdvvSuCYKNY@mail.ru,UPDATE,2024-09-15 22:31:30
IHxDlHOMbkyGL@mail.ru,READ,2024-09-15 23:34:18
IHxDlHOMbkyGL@mail.ru,DELETE,2024-09-15 13:56:46
qdvvSuCYKNY@mail.ru,DELETE,2024-09-15 10:01:56
IHxDlHOMbkyGL@mail.ru,READ,2024-09-15 23:23:19
KxIlCkKrBxTz@ya.ru,CREATE,2024-09-15 17:52:43
bvCYJMcIK@gmail.com,UPDATE,2024-09-15 01:58:43
ewJrlMqm@ya.ru,DELETE,2024-09-15 23:02:40
lmKdDH@ya.ru,READ,2024-09-15 13:59:08
oqWcc@mail.ru,DELETE,2024-09-15 04:06:11
WnRjJLIJwlAf@ya.ru,READ,2024-09-15 14:15:22
ewJrlMqm@ya.ru,CREATE,2024-09-15 16:08:29
WnRjJLIJwlAf@ya.ru,UPDATE,2024-09-15 04:17:42
ewJrlMqm@ya.ru,UPDATE,2024-09-15 00:40:45
bvCYJMcIK@gmail.com,READ,2024-09-15 16:07:46
WnRjJLIJwlAf@ya.ru,UPDATE,2024-09-15 09:45:44
qdvvSuCYKNY@mail.ru,UPDATE,2024-09-15 02:09:13
tyEfqwUCJgK@mail.ru,READ,2024-09-15 06:14:31
ewJrlMqm@ya.ru,READ,2024-09-15 03:00:35
lmKdDH@ya.ru,CREATE,2024-09-15 07:21:13
qdvvSuCYKNY@mail.ru,DELETE,2024-09-15 09:10:34
lmKdDH@ya.ru,DELETE,2024-09-15 14:41:20
tyEfqwUCJgK@mail.ru,READ,2024-09-15 23:59:41
WnRjJLIJwlAf@ya.ru,DELETE,2024-09-15 19:03:02
BSqsEmLNSSNgsm@mail.ru,CREATE,2024-09-15 19:37:16
IHxDlHOMbkyGL@mail.ru,DELETE,2024-09-15 01:52:35
tyEfqwUCJgK@mail.ru,READ,2024-09-15 05:02:59
IHxDlHOMbkyGL@mail.ru,DELETE,2024-09-15 20:36:57
WnRjJLIJwlAf@ya.ru,UPDATE,2024-09-15 14:04:42
IHxDlHOMbkyGL@mail.ru,DELETE,2024-09-15 03:30:34
WnRjJLIJwlAf@ya.ru,DELETE,2024-09-15 17:51:44
WnRjJLIJwlAf@ya.ru,READ,2024-09-15 06:47:32
tyEfqwUCJgK@mail.ru,UPDATE,2024-09-15 15:20:47
WnRjJLIJwlAf@ya.ru,READ,2024-09-15 09:59:19
KxIlCkKrBxTz@ya.ru,DELETE,2024-09-15 17:31:51
IHxDlHOMbkyGL@mail.ru,UPDATE,2024-09-15 08:06:47
KxIlCkKrBxTz@ya.ru,UPDATE,2024-09-15 17:45:48
bvCYJMcIK@gmail.com,CREATE,2024-09-15 10:31:33
WnRjJLIJwlAf@ya.ru,DELETE,2024-09-15 13:44:57
KxIlCkKrBxTz@ya.ru,DELETE,2024-09-15 08:01:39
BSqsEmLNSSNgsm@mail.ru,UPDATE,2024-09-15 19:23:29
tyEfqwUCJgK@mail.ru,DELETE,2024-09-15 01:19:56
lmKdDH@ya.ru,UPDATE,2024-09-15 18:54:56
bvCYJMcIK@gmail.com,UPDATE,2024-09-15 20:54:57
KxIlCkKrBxTz@ya.ru,UPDATE,2024-09-15 12:41:44
tyEfqwUCJgK@mail.ru,DELETE,2024-09-15 04:25:02
lmKdDH@ya.ru,READ,2024-09-15 06:28:58
ewJrlMqm@ya.ru,READ,2024-09-15 12:51:09
bvCYJMcIK@gmail.com,CREATE,2024-09-15 01:37:59
IHxDlHOMbkyGL@mail.ru,CREATE,2024-09-15 03:23:23
BSqsEmLNSSNgsm@mail.ru,CREATE,2024-09-15 16:05:47
bvCYJMcIK@gmail.com,CREATE,2024-09-15 07:20:46
ewJrlMqm@ya.ru,DELETE,2024-09-15 11:18:30
BSqsEmLNSSNgsm@mail.ru,DELETE,2024-09-15 20:15:39
tyEfqwUCJgK@mail.ru,CREATE,2024-09-15 00:13:46
lmKdDH@ya.ru,UPDATE,2024-09-15 21:52:14
IHxDlHOMbkyGL@mail.ru,UPDATE,2024-09-15 03:05:26
IHxDlHOMbkyGL@mail.ru,UPDATE,2024-09-15 16:38:54
bvCYJMcIK@gmail.com,READ,2024-09-15 13:36:12
lmKdDH@ya.ru,DELETE,2024-09-15 23:04:32
ewJrlMqm@ya.ru,READ,2024-09-15 20:51:37
qdvvSuCYKNY@mail.ru,UPDATE,2024-09-15 10:21:47
oqWcc@mail.ru,DELETE,2024-09-15 04:30:31
bvCYJMcIK@gmail.com,UPDATE,2024-09-15 21:25:17
KxIlCkKrBxTz@ya.ru,CREATE,2024-09-15 01:41:32
BSqsEmLNSSNgsm@mail.ru,READ,2024-09-15 20:15:47
bvCYJMcIK@gmail.com,CREATE,2024-09-15 19:40:22
lmKdDH@ya.ru,READ,2024-09-15 21:05:48
lmKdDH@ya.ru,CREATE,2024-09-15 18:53:37
IHxDlHOMbkyGL@mail.ru,UPDATE,2024-09-15 00:02:33
bvCYJMcIK@gmail.com,UPDATE,2024-09-15 06:13:14
IHxDlHOMbkyGL@mail.ru,UPDATE,2024-09-15 21:22:28
qdvvSuCYKNY@mail.ru,UPDATE,2024-09-15 03:00:26
oqWcc@mail.ru,READ,2024-09-15 03:36:58
lmKdDH@ya.ru,DELETE,2024-09-15 22:35:39
IHxDlHOMbkyGL@mail.ru,READ,2024-09-15 02:24:55
BSqsEmLNSSNgsm@mail.ru,DELETE,2024-09-15 09:07:27
bvCYJMcIK@gmail.com,DELETE,2024-09-15 13:06:31
tyEfqwUCJgK@mail.ru,UPDATE,2024-09-15 23:53:32
lmKdDH@ya.ru,READ,2024-09-15 05:36:55
oqWcc@mail.ru,CREATE,2024-09-15 09:42:02
oqWcc@mail.ru,CREATE,2024-09-15 06:02:36
KxIlCkKrBxTz@ya.ru,DELETE,2024-09-15 01:51:43
KxIlCkKrBxTz@ya.ru,UPDATE,2024-09-15 20:23:43
BSqsEmLNSSNgsm@mail.ru,CREATE,2024-09-15 14:31:29
ewJrlMqm@ya.ru,DELETE,2024-09-15 16:23:02
lmKdDH@ya.ru,UPDATE,2024-09-15 10:40:55
bvCYJMcIK@gmail.com,DELETE,2024-09-15 05:45:22
tyEfqwUCJgK@mail.ru,UPDATE,2024-09-15 08:31:59
KxIlCkKrBxTz@ya.ru,READ,2024-09-15 05:15:59
bvCYJMcIK@gmail.com,READ,2024-09-15 20:18:17
qdvvSuCYKNY@mail.ru,READ,2024-09-15 06:07:16
IHxDlHOMbkyGL@mail.ru,CREATE,2024-09-15 21:29:59
BSqsEmLNSSNgsm@mail.ru,DELETE,2024-09-15 14:24:55
WnRjJLIJwlAf@ya.ru,DELETE,2024-09-15 15:50:17
KxIlCkKrBxTz@ya.ru,READ,2024-09-15 21:32:30
KxIlCkKrBxTz@ya.ru,READ,2024-09-15 14:52:44
IHxDlHOMbkyGL@mail.ru,DELETE,2024-09-15 21:16:50
tyEfqwUCJgK@mail.ru,CREATE,2024-09-15 02:04:36
qdvvSuCYKNY@mail.ru,CREATE,2024-09-15 19:14:35
IHxDlHOMbkyGL@mail.ru,READ,2024-09-15 11:23:09
BSqsEmLNSSNgsm@mail.ru,READ,2024-09-15 17:46:17
BSqsEmLNSSNgsm@mail.ru,CREATE,2024-09-15 10:58:45
qdvvSuCYKNY@mail.ru,READ,2024-09-15 01:41:05
WnRjJLIJwlAf@ya.ru,DELETE,2024-09-15 09:06:33
tyEfqwUCJgK@mail.ru,READ,2024-09-15 07:59:47
WnRjJLIJwlAf@ya.ru,READ,2024-09-15 01:08:45
oqWcc@mail.ru,CREATE,2024-09-15 22:12:34
qdvvSuCYKNY@mail.ru,DELETE,2024-09-15 20:38:24
qdvvSuCYKNY@mail.ru,UPDATE,2024-09-15 15:31:48
WnRjJLIJwlAf@ya.ru,UPDATE,2024-09-15 07:34:30
lmKdDH@ya.ru,UPDATE,2024-09-15 04:13:56
qdvvSuCYKNY@mail.ru,UPDATE,2024-09-15 23:16:56
lmKdDH@ya.ru,UPDATE,2024-09-15 21:41:25
lmKdDH@ya.ru,DELETE,2024-09-15 21:12:32
oqWcc@mail.ru,CREATE,2024-09-15 09:11:46
WnRjJLIJwlAf@ya.ru,DELETE,2024-09-15 17:36:17
WnRjJLIJwlAf@ya.ru,DELETE,2024-09-15 04:56:42
WnRjJLIJwlAf@ya.ru,CREATE,2024-09-15 09:28:00
WnRjJLIJwlAf@ya.ru,CREATE,2024-09-15 15:59:40
oqWcc@mail.ru,READ,2024-09-15 15:58:58
tyEfqwUCJgK@mail.ru,UPDATE,2024-09-15 22:45:16
IHxDlHOMbkyGL@mail.ru,DELETE,2024-09-15 12:41:35
qdvvSuCYKNY@mail.ru,DELETE,2024-09-15 17:52:30
KxIlCkKrBxTz@ya.ru,CREATE,2024-09-15 05:28:31
WnRjJLIJwlAf@ya.ru,DELETE,2024-09-15 14:23:27
BSqsEmLNSSNgsm@mail.ru,DELETE,2024-09-15 20:48:06
tyEfqwUCJgK@mail.ru,DELETE,2024-09-15 11:19:19
KxIlCkKrBxTz@ya.ru,READ,2024-09-15 16:47:28
IHxDlHOMbkyGL@mail.ru,READ,2024-09-15 18:12:26
ewJrlMqm@ya.ru,CREATE,2024-09-15 11:41:00
qdvvSuCYKNY@mail.ru,CREATE,2024-09-15 19:27:43
qdvvSuCYKNY@mail.ru,READ,2024-09-15 16:02:06
WnRjJLIJwlAf@ya.ru,CREATE,2024-09-15 02:41:11
qdvvSuCYKNY@mail.ru,CREATE,2024-09-15 16:54:20
lmKdDH@ya.ru,READ,2024-09-15 10:32:43
IHxDlHOMbkyGL@mail.ru,UPDATE,2024-09-15 01:25:50
IHxDlHOMbkyGL@mail.ru,DELETE,2024-09-15 16:40:15
BSqsEmLNSSNgsm@mail.ru,CREATE,2024-09-15 04:20:51
oqWcc@mail.ru,CREATE,2024-09-15 17:03:41
BSqsEmLNSSNgsm@mail.ru,READ,2024-09-15 18:06:05
WnRjJLIJwlAf@ya.ru,UPDATE,2024-09-15 13:17:13
ewJrlMqm@ya.ru,READ,2024-09-15 18:49:06
ewJrlMqm@ya.ru,DELETE,2024-09-15 19:09:54
tyEfqwUCJgK@mail.ru,READ,2024-09-15 14:32:11
IHxDlHOMbkyGL@mail.ru,READ,2024-09-15 08:16:50
KxIlCkKrBxTz@ya.ru,UPDATE,2024-09-15 04:11:11
IHxDlHOMbkyGL@mail.ru,DELETE,2024-09-15 19:05:46
ewJrlMqm@ya.ru,CREATE,2024-09-15 10:09:17
oqWcc@mail.ru,CREATE,2024-09-15 07:07:09
lmKdDH@ya.ru,READ,2024-09-15 15:25:22
tyEfqwUCJgK@mail.ru,UPDATE,2024-09-15 10:02:32
bvCYJMcIK@gmail.com,DELETE,2024-09-15 08:34:49
ewJrlMqm@ya.ru,UPDATE,2024-09-15 08:16:54
WnRjJLIJwlAf@ya.ru,UPDATE,2024-09-15 05:20:47
IHxDlHOMbkyGL@mail.ru,DELETE,2024-09-15 13:56:33
KxIlCkKrBxTz@ya.ru,READ,2024-09-15 22:32:17
WnRjJLIJwlAf@ya.ru,CREATE,2024-09-15 14:14:35
qdvvSuCYKNY@mail.ru,DELETE,2024-09-15 17:23:55
oqWcc@mail.ru,UPDATE,2024-09-15 07:23:32
tyEfqwUCJgK@mail.ru,UPDATE,2024-09-15 13:29:48
bvCYJMcIK@gmail.com,UPDATE,2024-09-15 02:25:53
bvCYJMcIK@gmail.com,READ,2024-09-15 06:07:38
oqWcc@mail.ru,READ,2024-09-15 14:39:39
ewJrlMqm@ya.ru,READ,2024-09-15 12:51:36
lmKdDH@ya.ru,READ,2024-09-15 10:35:36
WnRjJLIJwlAf@ya.ru,READ,2024-09-15 21:29:08
KxIlCkKrBxTz@ya.ru,UPDATE,2024-09-15 15:48:58
qdvvSuCYKNY@mail.ru,CREATE,2024-09-15 09:48:46
IHxDlHOMbkyGL@mail.ru,READ,2024-09-15 00:12:03
tyEfqwUCJgK@mail.ru,UPDATE,2024-09-15 01:05:45
ewJrlMqm@ya.ru,CREATE,2024-09-15 15:40:58
KxIlCkKrBxTz@ya.ru,READ,2024-09-15 05:01:49
bvCYJMcIK@gmail.com,READ,2024-09-15 04:03:39
lmKdDH@ya.ru,UPDATE,2024-09-15 07:37:01
tyEfqwUCJgK@mail.ru,DELETE,2024-09-15 07:21:56
qdvvSuCYKNY@mail.ru,DELETE,2024-09-15 03:04:53
BSqsEmLNSSNgsm@mail.ru,UPDATE,2024-09-15 00:10:10
tyEfqwUCJgK@mail.ru,UPDATE,2024-09-15 02:14:33
oqWcc@mail.ru,READ,2024-09-15 10:55:54
qdvvSuCYKNY@mail.ru,DELETE,2024-09-15 18:04:58
ewJrlMqm@ya.ru,READ,2024-09-15 02:25:31
ewJrlMqm@ya.ru,UPDATE,2024-09-15 18:48:30
tyEfqwUCJgK@mail.ru,DELETE,2024-09-15 19:45:19
qdvvSuCYKNY@mail.ru,CREATE,2024-09-15 03:32:44
WnRjJLIJwlAf@ya.ru,READ,2024-09-15 11:28:02
bvCYJMcIK@gmail.com,READ,2024-09-15 11:23:38
tyEfqwUCJgK@mail.ru,READ,2024-09-15 01:27:04
qdvvSuCYKNY@mail.ru,READ,2024-09-15 02:38:21
WnRjJLIJwlAf@ya.ru,DELETE,2024-09-15 12:16:23
IHxDlHOMbkyGL@mail.ru,READ,2024-09-15 12:07:41
IHxDlHOMbkyGL@mail.ru,CREATE,2024-09-15 18:30:44
bvCYJMcIK@gmail.com,DELETE,2024-09-15 00:09:21
lmKdDH@ya.ru,UPDATE,2024-09-15 09:53:06
oqWcc@mail.ru,CREATE,2024-09-15 11:19:55
BSqsEmLNSSNgsm@mail.ru,READ,2024-09-15 08:44:47
qdvvSuCYKNY@mail.ru,DELETE,2024-09-15 21:06:16
lmKdDH@ya.ru,CREATE,2024-09-15 00:04:59
qdvvSuCYKNY@mail.ru,CREATE,2024-09-15 16:01:56
BSqsEmLNSSNgsm@mail.ru,CREATE,2024-09-15 13:49:59
ewJrlMqm@ya.ru,READ,2024-09-15 03:17:22
ewJrlMqm@ya.ru,READ,2024-09-15 17:42:46
lmKdDH@ya.ru,READ,2024-09-15 21:44:38
lmKdDH@ya.ru,READ,2024-09-15 18:16:56
ewJrlMqm@ya.ru,DELETE,2024-09-15 02:54:44
qdvvSuCYKNY@mail.ru,DELETE,2024-09-15 17:45:44
qdvvSuCYKNY@mail.ru,READ,2024-09-15 10:56:28
lmKdDH@ya.ru,DELETE,2024-09-15 21:25:42
tyEfqwUCJgK@mail.ru,READ,2024-09-15 13:25:27
WnRjJLIJwlAf@ya.ru,UPDATE,2024-09-15 03:25:04
WnRjJLIJwlAf@ya.ru,UPDATE,2024-09-15 23:45:05
WnRjJLIJwlAf@ya.ru,CREATE,2024-09-15 23:07:09
WnRjJLIJwlAf@ya.ru,CREATE,2024-09-15 14:39:40
KxIlCkKrBxTz@ya.ru,UPDATE,2024-09-15 02:48:57
IHxDlHOMbkyGL@mail.ru,DELETE,2024-09-15 04:21:28
KxIlCkKrBxTz@ya.ru,READ,2024-09-15 17:34:19
KxIlCkKrBxTz@ya.ru,CREATE,2024-09-15 22:06:46
qdvvSuCYKNY@mail.ru,DELETE,2024-09-15 17:13:37
bvCYJMcIK@gmail.com,DELETE,2024-09-15 23:38:42
bvCYJMcIK@gmail.com,DELETE,2024-09-15 04:58:08
WnRjJLIJwlAf@ya.ru,READ,2024-09-15 14:33:05
qdvvSuCYKNY@mail.ru,CREATE,2024-09-15 00:43:26
ewJrlMqm@ya.ru,CREATE,2024-09-15 18:53:37
ewJrlMqm@ya.ru,CREATE,2024-09-15 20:08:42
ewJrlMqm@ya.ru,READ,2024-09-15 19:37:23
KxIlCkKrBxTz@ya.ru,UPDATE,2024-09-15 06:13:53
ewJrlMqm@ya.ru,UPDATE,2024-09-15 22:05:34
ewJrlMqm@ya.ru,CREATE,2024-09-15 04:08:47
lmKdDH@ya.ru,READ,2024-09-15 17:05:17
tyEfqwUCJgK@mail.ru,UPDATE,2024-09-15 21:59:00
oqWcc@mail.ru,DELETE,2024-09-15 23:13:21
ewJrlMqm@ya.ru,READ,2024-09-15 14:12:35
ewJrlMqm@ya.ru,CREATE,2024-09-15 13:16:08
IHxDlHOMbkyGL@mail.ru,UPDATE,2024-09-15 16:55:42
qdvvSuCYKNY@mail.ru,DELETE,2024-09-15 14:06:22
tyEfqwUCJgK@mail.ru,UPDATE,2024-09-15 02:54:09
ewJrlMqm@ya.ru,CREATE,2024-09-15 22:07:51
KxIlCkKrBxTz@ya.ru,CREATE,2024-09-15 20:44:49
IHxDlHOMbkyGL@mail.ru,UPDATE,2024-09-15 02:33:10
ewJrlMqm@ya.ru,UPDATE,2024-09-15 19:10:59
BSqsEmLNSSNgsm@mail.ru,READ,2024-09-15 13:29:07
BSqsEmLNSSNgsm@mail.ru,READ,2024-09-15 18:24:23
IHxDlHOMbkyGL@mail.ru,CREATE,2024-09-15 14:55:46
lmKdDH@ya.ru,UPDATE,2024-09-15 02:41:19
KxIlCkKrBxTz@ya.ru,CREATE,2024-09-15 18:55:35
IHxDlHOMbkyGL@mail.ru,DELETE,2024-09-15 19:12:39
ewJrlMqm@ya.ru,READ,2024-09-15 04:41:47
ewJrlMqm@ya.ru,DELETE,2024-09-15 11:15:05
oqWcc@mail.ru,DELETE,2024-09-15 22:41:16
oqWcc@mail.ru,CREATE,2024-09-15 10:35:42
WnRjJLIJwlAf@ya.ru,UPDATE,2024-09-15 03:45:06
qdvvSuCYKNY@mail.ru,CREATE,2024-09-15 04:09:52
IHxDlHOMbkyGL@mail.ru,CREATE,2024-09-15 20:43:23
oqWcc@mail.ru,CREATE,2024-09-15 05:16:34
KxIlCkKrBxTz@ya.ru,DELETE,2024-09-15 21:29:24
tyEfqwUCJgK@mail.ru,READ,2024-09-15 23:24:53
bvCYJMcIK@gmail.com,CREATE,2024-09-15 23:18:49
IHxDlHOMbkyGL@mail.ru,DELETE,2024-09-15 03:00:26
WnRjJLIJwlAf@ya.ru,UPDATE,2024-09-15 23:02:07
tyEfqwUCJgK@mail.ru,READ,2024-09-15 06:41:24
tyEfqwUCJgK@mail.ru,DELETE,2024-09-15 08:44:28
bvCYJMcIK@gmail.com,CREATE,2024-09-15 06:36:50
qdvvSuCYKNY@mail.ru,CREATE,2024-09-15 08:26:26
IHxDlHOMbkyGL@mail.ru,DELETE,2024-09-15 14:48:17
IHxDlHOMbkyGL@mail.ru,DELETE,2024-09-15 23:54:01
WnRjJLIJwlAf@ya.ru,CREATE,2024-09-15 08:59:56
ewJrlMqm@ya.ru,CREATE,2024-09-15 13:56:34
tyEfqwUCJgK@mail.ru,CREATE,2024-09-15 09:47:29
IHxDlHOMbkyGL@mail.ru,DELETE,2024-09-15 08:48:36
bvCYJMcIK@gmail.com,UPDATE,2024-09-15 07:57:52
bvCYJMcIK@gmail.com,DELETE,2024-09-15 00:57:01
KxIlCkKrBxTz@ya.ru,UPDATE,2024-09-15 17:48:55
lmKdDH@ya.ru,DELETE,2024-09-15 17:06:12
qdvvSuCYKNY@mail.ru,CREATE,2024-09-15 21:14:45
tyEfqwUCJgK@mail.ru,CREATE,2024-09-15 20:44:31
qdvvSuCYKNY@mail.ru,UPDATE,2024-09-15 08:55:39
qdvvSuCYKNY@mail.ru,DELETE,2024-09-15 00:32:58
KxIlCkKrBxTz@ya.ru,DELETE,2024-09-15 05:59:15
IHxDlHOMbkyGL@mail.ru,CREATE,2024-09-15 16:03:18
ewJrlMqm@ya.ru,DELETE,2024-09-15 15:47:10
lmKdDH@ya.ru,UPDATE,2024-09-15 22:10:37
KxIlCkKrBxTz@ya.ru,CREATE,2024-09-15 23:15:24
lmKdDH@ya.ru,DELETE,2024-09-15 21:38:15
WnRjJLIJwlAf@ya.ru,DELETE,2024-09-15 17:48:06
ewJrlMqm@ya.ru,READ,2024-09-15 09:39:21
WnRjJLIJwlAf@ya.ru,CREATE,2024-09-15 00:15:55
BSqsEmLNSSNgsm@mail.ru,UPDATE,2024-09-15 07:58:59
BSqsEmLNSSNgsm@mail.ru,CREATE,2024-09-15 13:30:19
IHxDlHOMbkyGL@mail.ru,UPDATE,2024-09-15 13:41:20
qdvvSuCYKNY@mail.ru,DELETE,2024-09-15 12:14:40
BSqsEmLNSSNgsm@mail.ru,DELETE,2024-09-15 20:35:47
oqWcc@mail.ru,READ,2024-09-15 10:39:09
qdvvSuCYKNY@mail.ru,READ,2024-09-15 08:19:37
oqWcc@mail.ru,READ,2024-09-15 07:56:00
qdvvSuCYKNY@mail.ru,DELETE,2024-09-15 00:04:18
IHxDlHOMbkyGL@mail.ru,UPDATE,2024-09-15 17:39:18
tyEfqwUCJgK@mail.ru,CREATE,2024-09-15 08:34:34
bvCYJMcIK@gmail.com,DELETE,2024-09-15 00:30:59
ewJrlMqm@ya.ru,CREATE,2024-09-15 14:43:27
oqWcc@mail.ru,CREATE,2024-09-15 17:33:37
lmKdDH@ya.ru,READ,2024-09-15 14:36:29
IHxDlHOMbkyGL@mail.ru,READ,2024-09-15 01:48:20
bvCYJMcIK@gmail.com,CREATE,2024-09-15 19:53:47
oqWcc@mail.ru,CREATE,2024-09-15 01:29:54
WnRjJLIJwlAf@ya.ru,UPDATE,2024-09-15 23:40:43
IHxDlHOMbkyGL@mail.ru,CREATE,2024-09-15 08:15:02
qdvvSuCYKNY@mail.ru,READ,2024-09-15 22:47:26
IHxDlHOMbkyGL@mail.ru,READ,2024-09-15 13:54:59
ewJrlMqm@ya.ru,UPDATE,2024-09-15 23:52:45
tyEfqwUCJgK@mail.ru,UPDATE,2024-09-15 10:38:56
qdvvSuCYKNY@mail.ru,UPDATE,2024-09-15 11:31:26
qdvvSuCYKNY@mail.ru,UPDATE,2024-09-15 23:41:36
oqWcc@mail.ru,UPDATE,2024-09-15 00:15:59
lmKdDH@ya.ru,CREATE,2024-09-15 15:36:28
ewJrlMqm@ya.ru,DELETE,2024-09-15 19:09:10
oqWcc@mail.ru,READ,2024-09-15 09:10:28
lmKdDH@ya.ru,CREATE,2024-09-15 17:44:50
BSqsEmLNSSNgsm@mail.ru,DELETE,2024-09-15 20:48:53
IHxDlHOMbkyGL@mail.ru,CREATE,2024-09-15 19:21:43
ewJrlMqm@ya.ru,READ,2024-09-15 19:48:15
tyEfqwUCJgK@mail.ru,DELETE,2024-09-15 08:19:59
KxIlCkKrBxTz@ya.ru,READ,2024-09-15 19:55:22
IHxDlHOMbkyGL@mail.ru,DELETE,2024-09-15 07:19:02
bvCYJMcIK@gmail.com,CREATE,2024-09-15 02:00:41
BSqsEmLNSSNgsm@mail.ru,UPDATE,2024-09-15 15:51:03
oqWcc@mail.ru,UPDATE,2024-09-15 00:45:27
qdvvSuCYKNY@mail.ru,CREATE,2024-09-15 13:41:41
IHxDlHOMbkyGL@mail.ru,DELETE,2024-09-15 03:51:56
tyEfqwUCJgK@mail.ru,UPDATE,2024-09-15 03:09:25
IHxDlHOMbkyGL@mail.ru,UPDATE,2024-09-15 13:25:53
WnRjJLIJwlAf@ya.ru,DELETE,2024-09-15 01:13:24
tyEfqwUCJgK@mail.ru,CREATE,2024-09-15 11:53:52
tyEfqwUCJgK@mail.ru,UPDATE,2024-09-15 20:27:11
bvCYJMcIK@gmail.com,DELETE,2024-09-15 19:01:09
qdvvSuCYKNY@mail.ru,DELETE,2024-09-15 10:25:09
BSqsEmLNSSNgsm@mail.ru,UPDATE,2024-09-15 17:50:44
tyEfqwUCJgK@mail.ru,READ,2024-09-15 23:29:49
BSqsEmLNSSNgsm@mail.ru,UPDATE,2024-09-15 03:55:11
bvCYJMcIK@gmail.com,UPDATE,2024-09-15 21:09:57
ewJrlMqm@ya.ru,CREATE,2024-09-15 08:41:43
bvCYJMcIK@gmail.com,DELETE,2024-09-15 20:57:34
IHxDlHOMbkyGL@mail.ru,CREATE,2024-09-15 10:14:12
qdvvSuCYKNY@mail.ru,DELETE,2024-09-15 03:42:22
BSqsEmLNSSNgsm@mail.ru,UPDATE,2024-09-15 23:47:35
qdvvSuCYKNY@mail.ru,DELETE,2024-09-15 19:21:13
lmKdDH@ya.ru,CREATE,2024-09-15 04:18:09
KxIlCkKrBxTz@ya.ru,READ,2024-09-15 19:52:59
ewJrlMqm@ya.ru,CREATE,2024-09-15 08:02:11
ewJrlMqm@ya.ru,CREATE,2024-09-15 11:24:07
IHxDlHOMbkyGL@mail.ru,DELETE,2024-09-15 22:32:39
IHxDlHOMbkyGL@mail.ru,READ,2024-09-15 10:11:50
WnRjJLIJwlAf@ya.ru,READ,2024-09-15 16:51:29
qdvvSuCYKNY@mail.ru,DELETE,2024-09-15 10:32:34
BSqsEmLNSSNgsm@mail.ru,UPDATE,2024-09-15 23:21:26
bvCYJMcIK@gmail.com,CREATE,2024-09-15 21:50:06
oqWcc@mail.ru,CREATE,2024-09-15 06:25:26
bvCYJMcIK@gmail.com,READ,2024-09-15 10:34:30
tyEfqwUCJgK@mail.ru,READ,2024-09-15 15:10:20
bvCYJMcIK@gmail.com,READ,2024-09-15 04:49:41
ewJrlMqm@ya.ru,DELETE,2024-09-15 02:48:47
tyEfqwUCJgK@mail.ru,DELETE,2024-09-15 07:02:29
BSqsEmLNSSNgsm@mail.ru,DELETE,2024-09-15 05:13:14
bvCYJMcIK@gmail.com,DELETE,2024-09-15 02:23:23
tyEfqwUCJgK@mail.ru,UPDATE,2024-09-15 01:05:57
WnRjJLIJwlAf@ya.ru,READ,2024-09-15 14:54:20
IHxDlHOMbkyGL@mail.ru,CREATE,2024-09-15 05:27:10
qdvvSuCYKNY@mail.ru,READ,2024-09-15 19:33:25
bvCYJMcIK@gmail.com,UPDATE,2024-09-15 20:12:52
ewJrlMqm@ya.ru,UPDATE,2024-09-15 19:41:44
oqWcc@mail.ru,CREATE,2024-09-15 00:10:51
qdvvSuCYKNY@mail.ru,READ,2024-09-15 10:07:25
IHxDlHOMbkyGL@mail.ru,UPDATE,2024-09-15 16:47:32
qdvvSuCYKNY@mail.ru,READ,2024-09-15 19:05:47
bvCYJMcIK@gmail.com,READ,2024-09-15 13:16:41
lmKdDH@ya.ru,UPDATE,2024-09-15 19:28:40
WnRjJLIJwlAf@ya.ru,READ,2024-09-15 14:44:22
WnRjJLIJwlAf@ya.ru,DELETE,2024-09-15 02:27:55
IHxDlHOMbkyGL@mail.ru,DELETE,2024-09-15 06:48:37
qdvvSuCYKNY@mail.ru,READ,2024-09-15 09:52:42
oqWcc@mail.ru,DELETE,2024-09-15 01:18:37
BSqsEmLNSSNgsm@mail.ru,CREATE,2024-09-15 09:37:16
qdvvSuCYKNY@mail.ru,CREATE,2024-09-15 16:19:37
ewJrlMqm@ya.ru,READ,2024-09-15 16:20:53
BSqsEmLNSSNgsm@mail.ru,CREATE,2024-09-15 13:34:19
WnRjJLIJwlAf@ya.ru,DELETE,2024-09-15 23:59:05
bvCYJMcIK@gmail.com,CREATE,2024-09-15 09:41:05
bvCYJMcIK@gmail.com,DELETE,2024-09-15 03:59:53
WnRjJLIJwlAf@ya.ru,UPDATE,2024-09-15 21:40:41
lmKdDH@ya.ru,CREATE,2024-09-15 14:40:09
KxIlCkKrBxTz@ya.ru,READ,2024-09-15 23:41:04
lmKdDH@ya.ru,CREATE,2024-09-15 16:38:10
tyEfqwUCJgK@mail.ru,UPDATE,2024-09-15 17:13:16
KxIlCkKrBxTz@ya.ru,UPDATE,2024-09-15 12:06:33
IHxDlHOMbkyGL@mail.ru,DELETE,2024-09-15 18:21:59
KxIlCkKrBxTz@ya.ru,READ,2024-09-15 15:20:00
WnRjJLIJwlAf@ya.ru,CREATE,2024-09-15 11:44:15
BSqsEmLNSSNgsm@mail.ru,CREATE,2024-09-15 05:50:56
BSqsEmLNSSNgsm@mail.ru,READ,2024-09-15 01:46:35
tyEfqwUCJgK@mail.ru,CREATE,2024-09-15 21:47:12
BSqsEmLNSSNgsm@mail.ru,DELETE,2024-09-15 08:59:45
lmKdDH@ya.ru,DELETE,2024-09-15 21:11:15
ewJrlMqm@ya.ru,UPDATE,2024-09-15 13:42:23
BSqsEmLNSSNgsm@mail.ru,READ,2024-09-15 07:25:00
WnRjJLIJwlAf@ya.ru,DELETE,2024-09-15 06:43:12
KxIlCkKrBxTz@ya.ru,DELETE,2024-09-15 03:31:58
qdvvSuCYKNY@mail.ru,DELETE,2024-09-15 00:05:49
lmKdDH@ya.ru,CREATE,2024-09-15 08:08:42
tyEfqwUCJgK@mail.ru,CREATE,2024-09-15 14:07:54
lmKdDH@ya.ru,DELETE,2024-09-15 23:02:42
oqWcc@mail.ru,READ,2024-09-15 06:47:44
KxIlCkKrBxTz@ya.ru,DELETE,2024-09-15 16:23:31
WnRjJLIJwlAf@ya.ru,DELETE,2024-09-15 05:52:33
bvCYJMcIK@gmail.com,READ,2024-09-15 23:44:45
oqWcc@mail.ru,CREATE,2024-09-15 12:58:56
tyEfqwUCJgK@mail.ru,CREATE,2024-09-15 17:49:34
IHxDlHOMbkyGL@mail.ru,UPDATE,2024-09-15 14:40:53
IHxDlHOMbkyGL@mail.ru,READ,2024-09-15 06:50:28
BSqsEmLNSSNgsm@mail.ru,UPDATE,2024-09-15 07:22:34
qdvvSuCYKNY@mail.ru,DELETE,2024-09-15 09:02:36
BSqsEmLNSSNgsm@mail.ru,UPDATE,2024-09-15 21:23:50
BSqsEmLNSSNgsm@mail.ru,CREATE,2024-09-15 16:28:46
oqWcc@mail.ru,UPDATE,2024-09-15 08:23:08
oqWcc@mail.ru,UPDATE,2024-09-15 05:58:48
IHxDlHOMbkyGL@mail.ru,READ,2024-09-15 03:22:23
KxIlCkKrBxTz@ya.ru,UPDATE,2024-09-15 15:55:42
lmKdDH@ya.ru,DELETE,2024-09-15 00:48:07
KxIlCkKrBxTz@ya.ru,UPDATE,2024-09-15 19:50:34
IHxDlHOMbkyGL@mail.ru,UPDATE,2024-09-15 05:32:00
KxIlCkKrBxTz@ya.ru,UPDATE,2024-09-15 19:27:57
KxIlCkKrBxTz@ya.ru,READ,2024-09-15 20:21:22
tyEfqwUCJgK@mail.ru,UPDATE,2024-09-15 16:43:03
ewJrlMqm@ya.ru,UPDATE,2024-09-15 12:46:05
WnRjJLIJwlAf@ya.ru,CREATE,2024-09-15 05:54:46
IHxDlHOMbkyGL@mail.ru,CREATE,2024-09-15 04:01:20
bvCYJMcIK@gmail.com,CREATE,2024-09-15 02:44:14
ewJrlMqm@ya.ru,CREATE,2024-09-15 16:26:50
IHxDlHOMbkyGL@mail.ru,READ,2024-09-15 14:43:51
ewJrlMqm@ya.ru,READ,2024-09-15 01:13:03
tyEfqwUCJgK@mail.ru,READ,2024-09-15 01:44:00
IHxDlHOMbkyGL@mail.ru,CREATE,2024-09-15 03:46:45
WnRjJLIJwlAf@ya.ru,DELETE,2024-09-15 20:23:56
lmKdDH@ya.ru,UPDATE,2024-09-15 18:13:16
WnRjJLIJwlAf@ya.ru,UPDATE,2024-09-15 14:41:12
IHxDlHOMbkyGL@mail.ru,CREATE,2024-09-15 23:19:05
qdvvSuCYKNY@mail.ru,UPDATE,2024-09-15 22:24:59
tyEfqwUCJgK@mail.ru,READ,2024-09-15 19:26:36
KxIlCkKrBxTz@ya.ru,CREATE,2024-09-15 07:33:24
BSqsEmLNSSNgsm@mail.ru,READ,2024-09-15 23:45:31
oqWcc@mail.ru,READ,2024-09-15 12:03:44
bvCYJMcIK@gmail.com,DELETE,2024-09-15 22:40:59
bvCYJMcIK@gmail.com,DELETE,2024-09-15 21:06:27
WnRjJLIJwlAf@ya.ru,READ,2024-09-15 18:17:26
ewJrlMqm@ya.ru,DELETE,2024-09-15 19:11:55
tyEfqwUCJgK@mail.ru,CREATE,2024-09-15 06:03:40
IHxDlHOMbkyGL@mail.ru,DELETE,2024-09-15 13:16:05
ewJrlMqm@ya.ru,UPDATE,2024-09-15 03:17:10
bvCYJMcIK@gmail.com,UPDATE,2024-09-15 11:55:50
KxIlCkKrBxTz@ya.ru,DELETE,2024-09-15 09:21:56
BSqsEmLNSSNgsm@mail.ru,DELETE,2024-09-15 03:31:29
lmKdDH@ya.ru,UPDATE,2024-09-15 04:54:15
KxIlCkKrBxTz@ya.ru,CREATE,2024-09-15 00:39:19
BSqsEmLNSSNgsm@mail.ru,READ,2024-09-15 23:25:52
WnRjJLIJwlAf@ya.ru,READ,2024-09-15 00:25:14
oqWcc@mail.ru,DELETE,2024-09-15 14:17:54
qdvvSuCYKNY@mail.ru,CREATE,2024-09-15 22:32:29
bvCYJMcIK@gmail.com,UPDATE,2024-09-15 23:20:44
qdvvSuCYKNY@mail.ru,DELETE,2024-09-15 00:10:50
bvCYJMcIK@gmail.com,UPDATE,2024-09-15 17:08:12
IHxDlHOMbkyGL@mail.ru,DELETE,2024-09-15 07:05:49
KxIlCkKrBxTz@ya.ru,READ,2024-09-15 04:52:40
ewJrlMqm@ya.ru,DELETE,2024-09-15 18:16:51
KxIlCkKrBxTz@ya.ru,DELETE,2024-09-15 10:16:35
tyEfqwUCJgK@mail.ru,DELETE,2024-09-15 20:26:18
WnRjJLIJwlAf@ya.ru,UPDATE,2024-09-15 11:21:01
qdvvSuCYKNY@mail.ru,UPDATE,2024-09-15 23:43:02
WnRjJLIJwlAf@ya.ru,DELETE,2024-09-15 02:56:28
IHxDlHOMbkyGL@mail.ru,UPDATE,2024-09-15 01:46:51
oqWcc@mail.ru,DELETE,2024-09-15 12:17:52
bvCYJMcIK@gmail.com,READ,2024-09-15 19:26:33
oqWcc@mail.ru,DELETE,2024-09-15 22:46:25
ewJrlMqm@ya.ru,DELETE,2024-09-15 20:32:43
lmKdDH@ya.ru,CREATE,2024-09-15 20:31:55
tyEfqwUCJgK@mail.ru,CREATE,2024-09-15 15:14:41
ewJrlMqm@ya.ru,CREATE,2024-09-15 21:44:56
IHxDlHOMbkyGL@mail.ru,DELETE,2024-09-15 22:59:21
IHxDlHOMbkyGL@mail.ru,READ,2024-09-15 07:12:59
lmKdDH@ya.ru,READ,2024-09-15 06:43:02
ewJrlMqm@ya.ru,READ,2024-09-15 12:49:44
qdvvSuCYKNY@mail.ru,DELETE,2024-09-15 16:35:59
oqWcc@mail.ru,DELETE,2024-09-15 14:17:29
tyEfqwUCJgK@mail.ru,DELETE,2024-09-15 23:26:30
BSqsEmLNSSNgsm@mail.ru,READ,2024-09-15 08:44:45
BSqsEmLNSSNgsm@mail.ru,UPDATE,2024-09-15 06:11:22
qdvvSuCYKNY@mail.ru,READ,2024-09-15 16:27:52
qdvvSuCYKNY@mail.ru,CREATE,2024-09-15 23:04:10
WnRjJLIJwlAf@ya.ru,READ,2024-09-15 15:53:41
ewJrlMqm@ya.ru,CREATE,2024-09-15 04:28:31
WnRjJLIJwlAf@ya.ru,DELETE,2024-09-15 22:37:18
BSqsEmLNSSNgsm@mail.ru,READ,2024-09-15 08:01:28
IHxDlHOMbkyGL@mail.ru,READ,2024-09-15 17:03:07
IHxDlHOMbkyGL@mail.ru,UPDATE,2024-09-15 19:41:41
IHxDlHOMbkyGL@mail.ru,CREATE,2024-09-15 00:10:51
IHxDlHOMbkyGL@mail.ru,UPDATE,2024-09-15 21:06:48
oqWcc@mail.ru,UPDATE,2024-09-15 07:04:43
ewJrlMqm@ya.ru,CREATE,2024-09-15 08:18:22
lmKdDH@ya.ru,DELETE,2024-09-15 06:07:47
qdvvSuCYKNY@mail.ru,DELETE,2024-09-15 11:22:28
BSqsEmLNSSNgsm@mail.ru,CREATE,2024-09-15 11:42:21
qdvvSuCYKNY@mail.ru,DELETE,2024-09-15 05:24:11
tyEfqwUCJgK@mail.ru,CREATE,2024-09-15 15:33:00
KxIlCkKrBxTz@ya.ru,DELETE,2024-09-15 03:59:16
qdvvSuCYKNY@mail.ru,READ,2024-09-15 07:36:36
tyEfqwUCJgK@mail.ru,DELETE,2024-09-15 23:50:23
ewJrlMqm@ya.ru,CREATE,2024-09-15 17:41:25
BSqsEmLNSSNgsm@mail.ru,UPDATE,2024-09-15 11:26:21
IHxDlHOMbkyGL@mail.ru,READ,2024-09-15 03:39:30
WnRjJLIJwlAf@ya.ru,DELETE,2024-09-15 00:35:47
bvCYJMcIK@gmail.com,READ,2024-09-15 13:27:17
lmKdDH@ya.ru,READ,2024-09-15 02:35:59
tyEfqwUCJgK@mail.ru,DELETE,2024-09-15 04:55:14
BSqsEmLNSSNgsm@mail.ru,READ,2024-09-15 23:14:13
BSqsEmLNSSNgsm@mail.ru,CREATE,2024-09-15 04:19:45
tyEfqwUCJgK@mail.ru,CREATE,2024-09-15 18:25:51
WnRjJLIJwlAf@ya.ru,DELETE,2024-09-15 14:23:34
KxIlCkKrBxTz@ya.ru,UPDATE,2024-09-15 11:00:14
IHxDlHOMbkyGL@mail.ru,READ,2024-09-15 09:36:13
IHxDlHOMbkyGL@mail.ru,READ,2024-09-15 15:28:19
BSqsEmLNSSNgsm@mail.ru,CREATE,2024-09-15 08:18:57
bvCYJMcIK@gmail.com,READ,2024-09-15 06:54:25
bvCYJMcIK@gmail.com,DELETE,2024-09-15 14:26:40
KxIlCkKrBxTz@ya.ru,UPDATE,2024-09-15 05:18:45
KxIlCkKrBxTz@ya.ru,READ,2024-09-15 11:33:24
KxIlCkKrBxTz@ya.ru,UPDATE,2024-09-15 08:06:00
tyEfqwUCJgK@mail.ru,DELETE,2024-09-15 16:11:56
BSqsEmLNSSNgsm@mail.ru,READ,2024-09-15 10:56:06
KxIlCkKrBxTz@ya.ru,READ,2024-09-15 23:09:30
ewJrlMqm@ya.ru,READ,2024-09-15 22:12:54
IHxDlHOMbkyGL@mail.ru,CREATE,2024-09-15 06:53:37
qdvvSuCYKNY@mail.ru,CREATE,2024-09-15 17:55:51
lmKdDH@ya.ru,READ,2024-09-15 15:18:54
IHxDlHOMbkyGL@mail.ru,READ,2024-09-15 00:51:59
lmKdDH@ya.ru,READ,2024-09-15 21:06:49
BSqsEmLNSSNgsm@mail.ru,READ,2024-09-15 23:48:29
KxIlCkKrBxTz@ya.ru,CREATE,2024-09-15 06:44:57
KxIlCkKrBxTz@ya.ru,READ,2024-09-15 04:53:07
lmKdDH@ya.ru,UPDATE,2024-09-15 04:59:28
bvCYJMcIK@gmail.com,DELETE,2024-09-15 09:10:21
oqWcc@mail.ru,READ,2024-09-15 19:54:02
BSqsEmLNSSNgsm@mail.ru,CREATE,2024-09-15 06:51:51
WnRjJLIJwlAf@ya.ru,UPDATE,2024-09-15 10:20:32
bvCYJMcIK@gmail.com,UPDATE,2024-09-15 06:35:06
bvCYJMcIK@gmail.com,CREATE,2024-09-15 21:46:58
tyEfqwUCJgK@mail.ru,UPDATE,2024-09-15 13:54:33
KxIlCkKrBxTz@ya.ru,DELETE,2024-09-15 11:20:44
KxIlCkKrBxTz@ya.ru,DELETE,2024-09-15 06:26:59
qdvvSuCYKNY@mail.ru,DELETE,2024-09-15 15:42:22
oqWcc@mail.ru,UPDATE,2024-09-15 00:13:17
tyEfqwUCJgK@mail.ru,CREATE,2024-09-15 07:06:06
BSqsEmLNSSNgsm@mail.ru,CREATE,2024-09-15 19:02:11
WnRjJLIJwlAf@ya.ru,READ,2024-09-15 08:29:31
lmKdDH@ya.ru,UPDATE,2024-09-15 18:57:31
lmKdDH@ya.ru,READ,2024-09-15 13:18:04
BSqsEmLNSSNgsm@mail.ru,READ,2024-09-15 16:37:38
qdvvSuCYKNY@mail.ru,DELETE,2024-09-15 23:00:59
KxIlCkKrBxTz@ya.ru,DELETE,2024-09-15 20:10:26
tyEfqwUCJgK@mail.ru,READ,2024-09-15 09:46:23
oqWcc@mail.ru,READ,2024-09-15 09:00:00
oqWcc@mail.ru,DELETE,2024-09-15 11:18:21
qdvvSuCYKNY@mail.ru,DELETE,2024-09-15 09:35:28
WnRjJLIJwlAf@ya.ru,READ,2024-09-15 02:20:25
qdvvSuCYKNY@mail.ru,CREATE,2024-09-15 08:48:39
BSqsEmLNSSNgsm@mail.ru,READ,2024-09-15 03:18:43
BSqsEmLNSSNgsm@mail.ru,UPDATE,2024-09-15 00:05:12
bvCYJMcIK@gmail.com,UPDATE,2024-09-15 20:25:03
KxIlCkKrBxTz@ya.ru,DELETE,2024-09-15 15:55:22
qdvvSuCYKNY@mail.ru,DELETE,2024-09-15 09:56:13
qdvvSuCYKNY@mail.ru,CREATE,2024-09-15 19:55:24
lmKdDH@ya.ru,CREATE,2024-09-15 18:23:20
WnRjJLIJwlAf@ya.ru,UPDATE,2024-09-15 23:12:28
oqWcc@mail.ru,READ,2024-09-15 14:25:20
IHxDlHOMbkyGL@mail.ru,CREATE,2024-09-15 11:37:32
IHxDlHOMbkyGL@mail.ru,CREATE,2024-09-15 05:13:52
bvCYJMcIK@gmail.com,CREATE,2024-09-15 18:45:53
oqWcc@mail.ru,DELETE,2024-09-15 04:28:24
oqWcc@mail.ru,READ,2024-09-15 08:03:22
WnRjJLIJwlAf@ya.ru,DELETE,2024-09-15 03:41:14
oqWcc@mail.ru,DELETE,2024-09-15 02:41:29
BSqsEmLNSSNgsm@mail.ru,DELETE,2024-09-15 20:15:33
ewJrlMqm@ya.ru,READ,2024-09-15 21:07:32
oqWcc@mail.ru,READ,2024-09-15 15:54:54
bvCYJMcIK@gmail.com,UPDATE,2024-09-15 06:24:05
WnRjJLIJwlAf@ya.ru,READ,2024-09-15 18:50:25
bvCYJMcIK@gmail.com,READ,2024-09-15 07:14:51
WnRjJLIJwlAf@ya.ru,CREATE,2024-09-15 22:50:04
ewJrlMqm@ya.ru,DELETE,2024-09-15 12:42:08
bvCYJMcIK@gmail.com,UPDATE,2024-09-15 03:30:30
tyEfqwUCJgK@mail.ru,READ,2024-09-15 06:01:11
lmKdDH@ya.ru,READ,2024-09-15 05:45:17
IHxDlHOMbkyGL@mail.ru,CREATE,2024-09-15 04:48:14
IHxDlHOMbkyGL@mail.ru,CREATE,2024-09-15 22:13:17
tyEfqwUCJgK@mail.ru,CREATE,2024-09-15 06:58:55
WnRjJLIJwlAf@ya.ru,CREATE,2024-09-15 17:49:32
WnRjJLIJwlAf@ya.ru,DELETE,2024-09-15 08:57:03
ewJrlMqm@ya.ru,UPDATE,2024-09-15 02:46:04
bvCYJMcIK@gmail.com,UPDATE,2024-09-15 07:46:11
BSqsEmLNSSNgsm@mail.ru,READ,2024-09-15 19:49:43
BSqsEmLNSSNgsm@mail.ru,CREATE,2024-09-15 14:36:08
KxIlCkKrBxTz@ya.ru,UPDATE,2024-09-15 01:27:53
ewJrlMqm@ya.ru,READ,2024-09-15 06:30:32
bvCYJMcIK@gmail.com,READ,2024-09-15 21:45:19
bvCYJMcIK@gmail.com,UPDATE,2024-09-15 21:21:15
lmKdDH@ya.ru,CREATE,2024-09-15 08:12:14
IHxDlHOMbkyGL@mail.ru,DELETE,2024-09-15 05:54:09
bvCYJMcIK@gmail.com,CREATE,2024-09-15 00:34:22
tyEfqwUCJgK@mail.ru,UPDATE,2024-09-15 15:26:00
qdvvSuCYKNY@mail.ru,DELETE,2024-09-15 08:50:06
IHxDlHOMbkyGL@mail.ru,CREATE,2024-09-15 20:17:43
lmKdDH@ya.ru,READ,2024-09-15 16:24:36
tyEfqwUCJgK@mail.ru,DELETE,2024-09-15 20:30:59
IHxDlHOMbkyGL@mail.ru,UPDATE,2024-09-15 21:37:59
WnRjJLIJwlAf@ya.ru,READ,2024-09-15 03:22:26
WnRjJLIJwlAf@ya.ru,DELETE,2024-09-15 12:55:44
qdvvSuCYKNY@mail.ru,UPDATE,2024-09-15 05:19:29
tyEfqwUCJgK@mail.ru,READ,2024-09-15 16:05:39
BSqsEmLNSSNgsm@mail.ru,UPDATE,2024-09-15 15:35:24
BSqsEmLNSSNgsm@mail.ru,CREATE,2024-09-15 15:04:43
IHxDlHOMbkyGL@mail.ru,READ,2024-09-15 06:21:34
oqWcc@mail.ru,READ,2024-09-15 19:53:28
IHxDlHOMbkyGL@mail.ru,READ,2024-09-15 23:13:29
bvCYJMcIK@gmail.com,CREATE,2024-09-15 12:37:09
IHxDlHOMbkyGL@mail.ru,READ,2024-09-15 09:20:23
tyEfqwUCJgK@mail.ru,UPDATE,2024-09-15 19:00:17
KxIlCkKrBxTz@ya.ru,READ,2024-09-15 10:09:48
ewJrlMqm@ya.ru,CREATE,2024-09-15 15:10:46
lmKdDH@ya.ru,READ,2024-09-15 01:26:04
lmKdDH@ya.ru,CREATE,2024-09-15 04:37:11
ewJrlMqm@ya.ru,UPDATE,2024-09-15 20:52:59
ewJrlMqm@ya.ru,CREATE,2024-09-15 11:21:46
tyEfqwUCJgK@mail.ru,DELETE,2024-09-15 17:05:49
WnRjJLIJwlAf@ya.ru,UPDATE,2024-09-15 16:16:49
oqWcc@mail.ru,READ,2024-09-15 19:45:59
ewJrlMqm@ya.ru,READ,2024-09-15 17:52:59
BSqsEmLNSSNgsm@mail.ru,DELETE,2024-09-15 12:18:09
WnRjJLIJwlAf@ya.ru,UPDATE,2024-09-15 05:15:42
BSqsEmLNSSNgsm@mail.ru,UPDATE,2024-09-15 21:09:22
ewJrlMqm@ya.ru,CREATE,2024-09-15 11:24:57
ewJrlMqm@ya.ru,CREATE,2024-09-15 01:50:37
tyEfqwUCJgK@mail.ru,READ,2024-09-15 12:23:37
qdvvSuCYKNY@mail.ru,CREATE,2024-09-15 19:52:38
bvCYJMcIK@gmail.com,UPDATE,2024-09-15 18:00:58
oqWcc@mail.ru,UPDATE,2024-09-15 21:43:15
ewJrlMqm@ya.ru,CREATE,2024-09-15 22:50:18
lmKdDH@ya.ru,READ,2024-09-15 13:37:39
IHxDlHOMbkyGL@mail.ru,CREATE,2024-09-15 22:05:01
IHxDlHOMbkyGL@mail.ru,CREATE,2024-09-15 22:18:20
BSqsEmLNSSNgsm@mail.ru,UPDATE,2024-09-15 21:18:43
KxIlCkKrBxTz@ya.ru,CREATE,2024-09-15 18:01:54
oqWcc@mail.ru,CREATE,2024-09-15 20:19:45
IHxDlHOMbkyGL@mail.ru,READ,2024-09-15 15:45:43
WnRjJLIJwlAf@ya.ru,CREATE,2024-09-15 00:01:09
ewJrlMqm@ya.ru,DELETE,2024-09-15 03:10:49
WnRjJLIJwlAf@ya.ru,CREATE,2024-09-15 11:12:44
bvCYJMcIK@gmail.com,CREATE,2024-09-15 07:06:56
oqWcc@mail.ru,DELETE,2024-09-15 00:00:48
BSqsEmLNSSNgsm@mail.ru,CREATE,2024-09-15 05:46:41
KxIlCkKrBxTz@ya.ru,CREATE,2024-09-15 12:07:03
qdvvSuCYKNY@mail.ru,CREATE,2024-09-15 06:47:42
IHxDlHOMbkyGL@mail.ru,UPDATE,2024-09-15 14:17:47
tyEfqwUCJgK@mail.ru,UPDATE,2024-09-15 20:49:34
ewJrlMqm@ya.ru,CREATE,2024-09-15 22:03:04
tyEfqwUCJgK@mail.ru,READ,2024-09-15 05:32:16
IHxDlHOMbkyGL@mail.ru,UPDATE,2024-09-15 12:14:13
bvCYJMcIK@gmail.com,UPDATE,2024-09-15 13:35:32
bvCYJMcIK@gmail.com,UPDATE,2024-09-15 04:59:10
lmKdDH@ya.ru,READ,2024-09-15 12:17:58
lmKdDH@ya.ru,DELETE,2024-09-15 02:42:22
bvCYJMcIK@gmail.com,DELETE,2024-09-15 08:41:31
bvCYJMcIK@gmail.com,UPDATE,2024-09-15 17:05:54
qdvvSuCYKNY@mail.ru,READ,2024-09-15 09:25:05
bvCYJMcIK@gmail.com,DELETE,2024-09-15 09:42:10
KxIlCkKrBxTz@ya.ru,READ,2024-09-15 02:10:10
BSqsEmLNSSNgsm@mail.ru,DELETE,2024-09-15 09:46:35
bvCYJMcIK@gmail.com,DELETE,2024-09-15 07:15:25
BSqsEmLNSSNgsm@mail.ru,CREATE,2024-09-15 12:40:35
lmKdDH@ya.ru,UPDATE,2024-09-15 12:18:24
lmKdDH@ya.ru,CREATE,2024-09-15 01:35:51
WnRjJLIJwlAf@ya.ru,CREATE,2024-09-15 23:25:12
bvCYJMcIK@gmail.com,CREATE,2024-09-15 16:50:55
ewJrlMqm@ya.ru,READ,2024-09-15 11:37:04
oqWcc@mail.ru,CREATE,2024-09-15 13:02:59
IHxDlHOMbkyGL@mail.ru,CREATE,2024-09-15 03:10:32
WnRjJLIJwlAf@ya.ru,DELETE,2024-09-15 09:40:18
oqWcc@mail.ru,DELETE,2024-09-15 05:35:28
bvCYJMcIK@gmail.com,UPDATE,2024-09-15 15:40:05
IHxDlHOMbkyGL@mail.ru,CREATE,2024-09-15 12:30:10
KxIlCkKrBxTz@ya.ru,UPDATE,2024-09-15 03:47:07
bvCYJMcIK@gmail.com,DELETE,2024-09-15 20:48:20
qdvvSuCYKNY@mail.ru,DELETE,2024-09-15 05:56:25
qdvvSuCYKNY@mail.ru,DELETE,2024-09-15 17:58:58
KxIlCkKrBxTz@ya.ru,READ,2024-09-15 01:50:30
bvCYJMcIK@gmail.com,READ,2024-09-15 12:41:00
WnRjJLIJwlAf@ya.ru,READ,2024-09-15 11:45:02
bvCYJMcIK@gmail.com,CREATE,2024-09-15 08:21:59
lmKdDH@ya.ru,READ,2024-09-15 14:17:29
bvCYJMcIK@gmail.com,READ,2024-09-15 13:10:35
oqWcc@mail.ru,CREATE,2024-09-15 01:42:13
IHxDlHOMbkyGL@mail.ru,CREATE,2024-09-15 21:04:06
KxIlCkKrBxTz@ya.ru,READ,2024-09-15 16:15:39
qdvvSuCYKNY@mail.ru,CREATE,2024-09-15 02:28:38
lmKdDH@ya.ru,READ,2024-09-15 02:38:50
BSqsEmLNSSNgsm@mail.ru,READ,2024-09-15 14:32:00
KxIlCkKrBxTz@ya.ru,READ,2024-09-15 14:42:04
lmKdDH@ya.ru,UPDATE,2024-09-15 03:32:25
IHxDlHOMbkyGL@mail.ru,DELETE,2024-09-15 13:32:03
WnRjJLIJwlAf@ya.ru,UPDATE,2024-09-15 19:14:31
ewJrlMqm@ya.ru,DELETE,2024-09-15 14:53:46
BSqsEmLNSSNgsm@mail.ru,DELETE,2024-09-15 15:50:27
ewJrlMqm@ya.ru,READ,2024-09-15 19:31:47
IHxDlHOMbkyGL@mail.ru,CREATE,2024-09-15 07:44:47
ewJrlMqm@ya.ru,UPDATE,2024-09-15 12:49:28
bvCYJMcIK@gmail.com,DELETE,2024-09-15 11:57:47
tyEfqwUCJgK@mail.ru,DELETE,2024-09-15 19:37:17
oqWcc@mail.ru,CREATE,2024-09-15 21:50:51
tyEfqwUCJgK@mail.ru,CREATE,2024-09-15 23:33:34
BSqsEmLNSSNgsm@mail.ru,CREATE,2024-09-15 16:24:55
oqWcc@mail.ru,UPDATE,2024-09-15 04:26:58
tyEfqwUCJgK@mail.ru,DELETE,2024-09-15 07:32:54
IHxDlHOMbkyGL@mail.ru,DELETE,2024-09-15 11:00:24
qdvvSuCYKNY@mail.ru,UPDATE,2024-09-15 19:56:59
WnRjJLIJwlAf@ya.ru,READ,2024-09-15 10:14:51
bvCYJMcIK@gmail.com,CREATE,2024-09-15 20:45:59
BSqsEmLNSSNgsm@mail.ru,DELETE,2024-09-15 16:47:45
bvCYJMcIK@gmail.com,READ,2024-09-15 12:39:22
WnRjJLIJwlAf@ya.ru,READ,2024-09-15 15:00:44
bvCYJMcIK@gmail.com,DELETE,2024-09-15 04:08:05
qdvvSuCYKNY@mail.ru,UPDATE,2024-09-15 16:22:35
WnRjJLIJwlAf@ya.ru,UPDATE,2024-09-15 17:40:46
qdvvSuCYKNY@mail.ru,DELETE,2024-09-15 23:04:16
KxIlCkKrBxTz@ya.ru,READ,2024-09-15 22:32:54
WnRjJLIJwlAf@ya.ru,DELETE,2024-09-15 00:42:12
BSqsEmLNSSNgsm@mail.ru,CREATE,2024-09-15 13:51:25
lmKdDH@ya.ru,CREATE,2024-09-15 14:02:12
bvCYJMcIK@gmail.com,READ,2024-09-15 00:36:27
WnRjJLIJwlAf@ya.ru,READ,2024-09-15 04:43:44
oqWcc@mail.ru,DELETE,2024-09-15 16:40:52
BSqsEmLNSSNgsm@mail.ru,CREATE,2024-09-15 09:10:03
KxIlCkKrBxTz@ya.ru,DELETE,2024-09-15 12:54:52
oqWcc@mail.ru,UPDATE,2024-09-15 18:33:05
ewJrlMqm@ya.ru,DELETE,2024-09-15 09:31:50
bvCYJMcIK@gmail.com,DELETE,2024-09-15 16:07:10
tyEfqwUCJgK@mail.ru,DELETE,2024-09-15 13:52:44
KxIlCkKrBxTz@ya.ru,READ,2024-09-15 07:19:44
BSqsEmLNSSNgsm@mail.ru,DELETE,2024-09-15 18:17:17
ewJrlMqm@ya.ru,DELETE,2024-09-15 20:52:17
IHxDlHOMbkyGL@mail.ru,CREATE,2024-09-15 22:28:34
qdvvSuCYKNY@mail.ru,UPDATE,2024-09-15 21:53:53
bvCYJMcIK@gmail.com,UPDATE,2024-09-15 15:57:04
qdvvSuCYKNY@mail.ru,CREATE,2024-09-15 23:46:15
lmKdDH@ya.ru,UPDATE,2024-09-15 01:12:23
WnRjJLIJwlAf@ya.ru,UPDATE,2024-09-15 16:55:31
bvCYJMcIK@gmail.com,READ,2024-09-15 16:30:32
ewJrlMqm@ya.ru,DELETE,2024-09-15 17:08:40
qdvvSuCYKNY@mail.ru,UPDATE,2024-09-15 14:46:09
qdvvSuCYKNY@mail.ru,CREATE,2024-09-15 07:00:49
ewJrlMqm@ya.ru,DELETE,2024-09-15 17:17:19
lmKdDH@ya.ru,DELETE,2024-09-15 01:22:42
BSqsEmLNSSNgsm@mail.ru,READ,2024-09-15 06:02:54
oqWcc@mail.ru,CREATE,2024-09-15 14:04:23
qdvvSuCYKNY@mail.ru,DELETE,2024-09-15 03:23:58
lmKdDH@ya.ru,READ,2024-09-15 05:11:45
lmKdDH@ya.ru,DELETE,2024-09-15 10:55:54
KxIlCkKrBxTz@ya.ru,DELETE,2024-09-15 20:25:00
oqWcc@mail.ru,READ,2024-09-15 09:33:13
bvCYJMcIK@gmail.com,UPDATE,2024-09-15 09:08:34
oqWcc@mail.ru,READ,2024-09-15 23:08:08
BSqsEmLNSSNgsm@mail.ru,CREATE,2024-09-15 17:14:22
lmKdDH@ya.ru,CREATE,2024-09-15 02:11:31
qdvvSuCYKNY@mail.ru,READ,2024-09-15 21:35:30
tyEfqwUCJgK@mail.ru,READ,2024-09-15 19:43:09
tyEfqwUCJgK@mail.ru,CREATE,2024-09-15 20:17:54
lmKdDH@ya.ru,READ,2024-09-15 02:08:42
qdvvSuCYKNY@mail.ru,DELETE,2024-09-15 07:46:09
KxIlCkKrBxTz@ya.ru,UPDATE,2024-09-15 09:11:42
qdvvSuCYKNY@mail.ru,DELETE,2024-09-15 23:00:48
IHxDlHOMbkyGL@mail.ru,READ,2024-09-15 02:57:09
oqWcc@mail.ru,DELETE,2024-09-15 11:01:06
oqWcc@mail.ru,UPDATE,2024-09-15 08:08:22
bvCYJMcIK@gmail.com,CREATE,2024-09-15 19:30:02
KxIlCkKrBxTz@ya.ru,UPDATE,2024-09-15 05:37:25
IHxDlHOMbkyGL@mail.ru,READ,2024-09-15 13:02:45
WnRjJLIJwlAf@ya.ru,DELETE,2024-09-15 12:21:04
bvCYJMcIK@gmail.com,DELETE,2024-09-15 16:33:04
qdvvSuCYKNY@mail.ru,READ,2024-09-15 09:47:56
qdvvSuCYKNY@mail.ru,UPDATE,2024-09-15 18:26:17
lmKdDH@ya.ru,CREATE,2024-09-15 21:15:23
qdvvSuCYKNY@mail.ru,UPDATE,2024-09-15 09:19:17
qdvvSuCYKNY@mail.ru,DELETE,2024-09-15 07:19:16
oqWcc@mail.ru,DELETE,2024-09-15 13:56:13
lmKdDH@ya.ru,UPDATE,2024-09-15 22:47:11
KxIlCkKrBxTz@ya.ru,CREATE,2024-09-15 04:52:10
oqWcc@mail.ru,CREATE,2024-09-15 17:43:41
lmKdDH@ya.ru,READ,2024-09-15 12:28:44
bvCYJMcIK@gmail.com,UPDATE,2024-09-15 10:49:00
lmKdDH@ya.ru,READ,2024-09-15 04:28:07
lmKdDH@ya.ru,UPDATE,2024-09-15 10:52:06
bvCYJMcIK@gmail.com,DELETE,2024-09-15 08:16:31
lmKdDH@ya.ru,READ,2024-09-15 00:54:00
bvCYJMcIK@gmail.com,READ,2024-09-15 04:39:49
qdvvSuCYKNY@mail.ru,UPDATE,2024-09-15 16:00:29
IHxDlHOMbkyGL@mail.ru,READ,2024-09-15 17:49:41
KxIlCkKrBxTz@ya.ru,READ,2024-09-15 18:42:30
ewJrlMqm@ya.ru,DELETE,2024-09-15 08:53:18
tyEfqwUCJgK@mail.ru,READ,2024-09-15 00:44:41
oqWcc@mail.ru,READ,2024-09-15 08:28:37
qdvvSuCYKNY@mail.ru,CREATE,2024-09-15 15:29:09
bvCYJMcIK@gmail.com,UPDATE,2024-09-15 11:53:19
IHxDlHOMbkyGL@mail.ru,CREATE,2024-09-15 23:45:50
bvCYJMcIK@gmail.com,READ,2024-09-15 04:31:15
BSqsEmLNSSNgsm@mail.ru,CREATE,2024-09-15 09:01:02
KxIlCkKrBxTz@ya.ru,READ,2024-09-15 13:46:24
tyEfqwUCJgK@mail.ru,UPDATE,2024-09-15 21:10:51
tyEfqwUCJgK@mail.ru,CREATE,2024-09-15 03:55:23
ewJrlMqm@ya.ru,CREATE,2024-09-15 10:03:42
bvCYJMcIK@gmail.com,DELETE,2024-09-15 09:03:53
bvCYJMcIK@gmail.com,CREATE,2024-09-15 03:06:46
oqWcc@mail.ru,READ,2024-09-15 11:26:39
oqWcc@mail.ru,READ,2024-09-15 08:23:15
bvCYJMcIK@gmail.com,DELETE,2024-09-15 13:24:12
tyEfqwUCJgK@mail.ru,CREATE,2024-09-15 07:38:46
ewJrlMqm@ya.ru,DELETE,2024-09-15 19:37:23
BSqsEmLNSSNgsm@mail.ru,UPDATE,2024-09-15 22:06:03
WnRjJLIJwlAf@ya.ru,CREATE,2024-09-15 22:56:24
ewJrlMqm@ya.ru,READ,2024-09-15 02:18:52
WnRjJLIJwlAf@ya.ru,CREATE,2024-09-15 01:12:48
WnRjJLIJwlAf@ya.ru,UPDATE,2024-09-15 11:34:52
BSqsEmLNSSNgsm@mail.ru,CREATE,2024-09-15 18:46:00
tyEfqwUCJgK@mail.ru,UPDATE,2024-09-15 12:20:13
KxIlCkKrBxTz@ya.ru,CREATE,2024-09-15 22:28:32
KxIlCkKrBxTz@ya.ru,UPDATE,2024-09-15 12:22:13
qdvvSuCYKNY@mail.ru,CREATE,2024-09-15 06:38:41
BSqsEmLNSSNgsm@mail.ru,READ,2024-09-15 04:51:09
KxIlCkKrBxTz@ya.ru,CREATE,2024-09-15 18:26:57
BSqsEmLNSSNgsm@mail.ru,DELETE,2024-09-15 10:28:35
BSqsEmLNSSNgsm@mail.ru,READ,2024-09-15 17:51:11
lmKdDH@ya.ru,UPDATE,2024-09-15 05:20:30
KxIlCkKrBxTz@ya.ru,DELETE,2024-09-15 05:46:17
qdvvSuCYKNY@mail.ru,CREATE,2024-09-15 02:40:13
WnRjJLIJwlAf@ya.ru,DELETE,2024-09-15 22:05:54
BSqsEmLNSSNgsm@mail.ru,UPDATE,2024-09-15 09:11:19
tyEfqwUCJgK@mail.ru,CREATE,2024-09-15 16:06:20
tyEfqwUCJgK@mail.ru,UPDATE,2024-09-15 19:23:52
qdvvSuCYKNY@mail.ru,UPDATE,2024-09-15 23:44:15
BSqsEmLNSSNgsm@mail.ru,READ,2024-09-15 12:07:09
qdvvSuCYKNY@mail.ru,DELETE,2024-09-15 05:31:20
tyEfqwUCJgK@mail.ru,UPDATE,2024-09-15 01:57:51
tyEfqwUCJgK@mail.ru,UPDATE,2024-09-15 10:16:22
KxIlCkKrBxTz@ya.ru,READ,2024-09-15 13:34:57
IHxDlHOMbkyGL@mail.ru,READ,2024-09-15 12:23:53
lmKdDH@ya.ru,UPDATE,2024-09-15 04:22:05
ewJrlMqm@ya.ru,DELETE,2024-09-15 08:41:27
tyEfqwUCJgK@mail.ru,DELETE,2024-09-15 15:01:44
WnRjJLIJwlAf@ya.ru,CREATE,2024-09-15 19:37:57
bvCYJMcIK@gmail.com,READ,2024-09-15 11:10:01
BSqsEmLNSSNgsm@mail.ru,DELETE,2024-09-15 05:10:58
WnRjJLIJwlAf@ya.ru,READ,2024-09-15 13:31:23
IHxDlHOMbkyGL@mail.ru,READ,2024-09-15 03:49:19
bvCYJMcIK@gmail.com,CREATE,2024-09-15 00:10:19
KxIlCkKrBxTz@ya.ru,UPDATE,2024-09-15 13:57:21
ewJrlMqm@ya.ru,UPDATE,2024-09-15 18:26:33
KxIlCkKrBxTz@ya.ru,DELETE,2024-09-15 18:45:16
ewJrlMqm@ya.ru,CREATE,2024-09-15 00:34:16
tyEfqwUCJgK@mail.ru,UPDATE,2024-09-15 02:37:50
qdvvSuCYKNY@mail.ru,UPDATE,2024-09-15 15:20:39
oqWcc@mail.ru,CREATE,2024-09-15 18:00:32
lmKdDH@ya.ru,DELETE,2024-09-15 20:58:02
WnRjJLIJwlAf@ya.ru,DELETE,2024-09-15 04:13:40
KxIlCkKrBxTz@ya.ru,CREATE,2024-09-15 00:00:00
IHxDlHOMbkyGL@mail.ru,CREATE,2024-09-15 22:50:56
oqWcc@mail.ru,READ,2024-09-15 01:32:36
bvCYJMcIK@gmail.com,DELETE,2024-09-15 10:55:17
bvCYJMcIK@gmail.com,CREATE,2024-09-15 17:24:28
oqWcc@mail.ru,DELETE,2024-09-15 23:42:57
tyEfqwUCJgK@mail.ru,READ,2024-09-15 15:19:52
KxIlCkKrBxTz@ya.ru,READ,2024-09-15 07:11:09
KxIlCkKrBxTz@ya.ru,CREATE,2024-09-15 10:27:40
qdvvSuCYKNY@mail.ru,READ,2024-09-15 22:24:06
KxIlCkKrBxTz@ya.ru,CREATE,2024-09-15 11:37:33
ewJrlMqm@ya.ru,READ,2024-09-15 04:10:03
qdvvSuCYKNY@mail.ru,CREATE,2024-09-15 19:38:39
tyEfqwUCJgK@mail.ru,DELETE,2024-09-15 03:33:50
tyEfqwUCJgK@mail.ru,DELETE,2024-09-15 19:51:46
KxIlCkKrBxTz@ya.ru,UPDATE,2024-09-15 05:10:10
lmKdDH@ya.ru,DELETE,2024-09-15 18:46:42
KxIlCkKrBxTz@ya.ru,CREATE,2024-09-15 12:26:36
lmKdDH@ya.ru,DELETE,2024-09-15 08:56:03
KxIlCkKrBxTz@ya.ru,UPDATE,2024-09-15 23:33:27
oqWcc@mail.ru,DELETE,2024-09-15 03:37:45
WnRjJLIJwlAf@ya.ru,UPDATE,2024-09-15 07:09:50
ewJrlMqm@ya.ru,CREATE,2024-09-15 20:50:37
bvCYJMcIK@gmail.com,CREATE,2024-09-15 01:37:25
IHxDlHOMbkyGL@mail.ru,DELETE,2024-09-15 19:01:55
KxIlCkKrBxTz@ya.ru,DELETE,2024-09-15 19:13:20
tyEfqwUCJgK@mail.ru,DELETE,2024-09-15 04:24:08
lmKdDH@ya.ru,CREATE,2024-09-15 06:42:09
KxIlCkKrBxTz@ya.ru,READ,2024-09-15 13:32:38
tyEfqwUCJgK@mail.ru,UPDATE,2024-09-15 11:45:00
qdvvSuCYKNY@mail.ru,READ,2024-09-15 02:01:58
KxIlCkKrBxTz@ya.ru,CREATE,2024-09-15 19:41:42
KxIlCkKrBxTz@ya.ru,READ,2024-09-15 11:38:19
qdvvSuCYKNY@mail.ru,CREATE,2024-09-15 13:34:49
KxIlCkKrBxTz@ya.ru,UPDATE,2024-09-15 09:28:05
lmKdDH@ya.ru,READ,2024-09-15 12:42:29
lmKdDH@ya.ru,CREATE,2024-09-15 22:06:16
lmKdDH@ya.ru,CREATE,2024-09-15 13:50:17
BSqsEmLNSSNgsm@mail.ru,CREATE,2024-09-15 04:07:35
tyEfqwUCJgK@mail.ru,CREATE,2024-09-15 22:49:44
qdvvSuCYKNY@mail.ru,CREATE,2024-09-15 14:20:42
IHxDlHOMbkyGL@mail.ru,READ,2024-09-15 11:04:26
WnRjJLIJwlAf@ya.ru,READ,2024-09-15 22:45:19
WnRjJLIJwlAf@ya.ru,CREATE,2024-09-15 07:58:46
ewJrlMqm@ya.ru,UPDATE,2024-09-15 18:05:24
BSqsEmLNSSNgsm@mail.ru,READ,2024-09-15 20:53:14
lmKdDH@ya.ru,UPDATE,2024-09-15 11:52:43
lmKdDH@ya.ru,DELETE,2024-09-15 12:55:24
qdvvSuCYKNY@mail.ru,UPDATE,2024-09-15 04:51:48
tyEfqwUCJgK@mail.ru,READ,2024-09-15 11:01:32
KxIlCkKrBxTz@ya.ru,DELETE,2024-09-15 23:03:14
lmKdDH@ya.ru,UPDATE,2024-09-15 05:35:23
bvCYJMcIK@gmail.com,UPDATE,2024-09-15 14:51:26
lmKdDH@ya.ru,READ,2024-09-15 03:54:40
KxIlCkKrBxTz@ya.ru,CREATE,2024-09-15 04:39:47
WnRjJLIJwlAf@ya.ru,UPDATE,2024-09-15 08:45:45
IHxDlHOMbkyGL@mail.ru,CREATE,2024-09-15 09:09:10
tyEfqwUCJgK@mail.ru,DELETE,2024-09-15 11:44:28
lmKdDH@ya.ru,DELETE,2024-09-15 04:30:29
KxIlCkKrBxTz@ya.ru,DELETE,2024-09-15 09:37:17
qdvvSuCYKNY@mail.ru,READ,2024-09-15 05:39:12
qdvvSuCYKNY@mail.ru,CREATE,2024-09-15 14:27:09
ewJrlMqm@ya.ru,UPDATE,2024-09-15 13:03:23
tyEfqwUCJgK@mail.ru,UPDATE,2024-09-15 15:07:59
tyEfqwUCJgK@mail.ru,CREATE,2024-09-15 00:41:01
KxIlCkKrBxTz@ya.ru,UPDATE,2024-09-15 02:03:49
KxIlCkKrBxTz@ya.ru,READ,2024-09-15 18:49:12
KxIlCkKrBxTz@ya.ru,UPDATE,2024-09-15 13:29:19
ewJrlMqm@ya.ru,UPDATE,2024-09-15 00:45:55
tyEfqwUCJgK@mail.ru,READ,2024-09-15 03:35:30
bvCYJMcIK@gmail.com,DELETE,2024-09-15 15:13:18
IHxDlHOMbkyGL@mail.ru,DELETE,2024-09-15 15:40:23
BSqsEmLNSSNgsm@mail.ru,READ,2024-09-15 19:58:53
WnRjJLIJwlAf@ya.ru,READ,2024-09-15 22:35:43
ewJrlMqm@ya.ru,READ,2024-09-15 07:21:38
WnRjJLIJwlAf@ya.ru,UPDATE,2024-09-15 15:55:21
ewJrlMqm@ya.ru,UPDATE,2024-09-15 09:38:58
ewJrlMqm@ya.ru,DELETE,2024-09-15 20:42:20
KxIlCkKrBxTz@ya.ru,UPDATE,2024-09-15 14:34:54
IHxDlHOMbkyGL@mail.ru,DELETE,2024-09-15 01:39:40
KxIlCkKrBxTz@ya.ru,DELETE,2024-09-15 12:50:03
KxIlCkKrBxTz@ya.ru,READ,2024-09-15 11:17:18
ewJrlMqm@ya.ru,CREATE,2024-09-15 19:00:42
ewJrlMqm@ya.ru,CREATE,2024-09-15 21:29:33
KxIlCkKrBxTz@ya.ru,CREATE,2024-09-15 10:16:54
IHxDlHOMbkyGL@mail.ru,UPDATE,2024-09-15 10:41:43
tyEfqwUCJgK@mail.ru,UPDATE,2024-09-15 08:35:08
BSqsEmLNSSNgsm@mail.ru,CREATE,2024-09-15 22:27:07
BSqsEmLNSSNgsm@mail.ru,CREATE,2024-09-15 09:31:41
lmKdDH@ya.ru,CREATE,2024-09-15 21:12:18
WnRjJLIJwlAf@ya.ru,DELETE,2024-09-15 00:04:54
KxIlCkKrBxTz@ya.ru,UPDATE,2024-09-15 19:00:49
bvCYJMcIK@gmail.com,CREATE,2024-09-15 12:46:43
qdvvSuCYKNY@mail.ru,READ,2024-09-15 22:02:46
WnRjJLIJwlAf@ya.ru,DELETE,2024-09-15 12:44:25
tyEfqwUCJgK@mail.ru,DELETE,2024-09-15 06:58:17
oqWcc@mail.ru,UPDATE,2024-09-15 18:39:46
oqWcc@mail.ru,DELETE,2024-09-15 00:00:03
tyEfqwUCJgK@mail.ru,READ,2024-09-15 19:33:52
ewJrlMqm@ya.ru,UPDATE,2024-09-15 01:37:18
WnRjJLIJwlAf@ya.ru,DELETE,2024-09-15 14:12:53
lmKdDH@ya.ru,CREATE,2024-09-15 10:06:06
ewJrlMqm@ya.ru,READ,2024-09-15 18:10:19
tyEfqwUCJgK@mail.ru,UPDATE,2024-09-15 03:59:35
oqWcc@mail.ru,UPDATE,2024-09-15 14:42:36
ewJrlMqm@ya.ru,UPDATE,2024-09-15 21:54:30
bvCYJMcIK@gmail.com,UPDATE,2024-09-15 06:10:39
IHxDlHOMbkyGL@mail.ru,READ,2024-09-15 07:17:39
lmKdDH@ya.ru,DELETE,2024-09-15 06:17:29
oqWcc@mail.ru,DELETE,2024-09-15 15:44:47
lmKdDH@ya.ru,DELETE,2024-09-15 02:51:45
WnRjJLIJwlAf@ya.ru,DELETE,2024-09-15 23:21:20
qdvvSuCYKNY@mail.ru,READ,2024-09-15 11:57:15
IHxDlHOMbkyGL@mail.ru,READ,2024-09-15 18:23:29
IHxDlHOMbkyGL@mail.ru,DELETE,2024-09-15 21:50:50
tyEfqwUCJgK@mail.ru,CREATE,2024-09-15 15:08:27
WnRjJLIJwlAf@ya.ru,CREATE,2024-09-15 08:43:22
KxIlCkKrBxTz@ya.ru,READ,2024-09-15 03:41:57
bvCYJMcIK@gmail.com,READ,2024-09-15 23:31:44
tyEfqwUCJgK@mail.ru,UPDATE,2024-09-15 15:40:50
lmKdDH@ya.ru,READ,2024-09-15 15:40:06
BSqsEmLNSSNgsm@mail.ru,READ,2024-09-15 13:32:43
tyEfqwUCJgK@mail.ru,CREATE,2024-09-15 02:37:31
IHxDlHOMbkyGL@mail.ru,DELETE,2024-09-15 14:58:29
lmKdDH@ya.ru,READ,2024-09-15 01:30:52
bvCYJMcIK@gmail.com,READ,2024-09-15 14:31:53
BSqsEmLNSSNgsm@mail.ru,CREATE,2024-09-15 07:41:37
BSqsEmLNSSNgsm@mail.ru,READ,2024-09-15 10:22:01
oqWcc@mail.ru,DELETE,2024-09-15 00:26:29
lmKdDH@ya.ru,READ,2024-09-15 11:37:52
WnRjJLIJwlAf@ya.ru,UPDATE,2024-09-15 14:16:21
lmKdDH@ya.ru,READ,2024-09-15 11:47:59
oqWcc@mail.ru,READ,2024-09-15 15:03:55
ewJrlMqm@ya.ru,DELETE,2024-09-15 03:31:28
lmKdDH@ya.ru,DELETE,2024-09-15 19:45:47
lmKdDH@ya.ru,CREATE,2024-09-15 18:11:06
IHxDlHOMbkyGL@mail.ru,READ,2024-09-15 12:40:50
tyEfqwUCJgK@mail.ru,CREATE,2024-09-15 02:42:57
IHxDlHOMbkyGL@mail.ru,UPDATE,2024-09-15 22:59:43
WnRjJLIJwlAf@ya.ru,UPDATE,2024-09-15 06:22:16
qdvvSuCYKNY@mail.ru,DELETE,2024-09-15 10:46:17
KxIlCkKrBxTz@ya.ru,UPDATE,2024-09-15 05:36:06
KxIlCkKrBxTz@ya.ru,READ,2024-09-15 07:58:01
ewJrlMqm@ya.ru,CREATE,2024-09-15 22:03:45
WnRjJLIJwlAf@ya.ru,UPDATE,2024-09-15 03:41:44
WnRjJLIJwlAf@ya.ru,UPDATE,2024-09-15 23:55:14
IHxDlHOMbkyGL@mail.ru,CREATE,2024-09-15 05:51:21
KxIlCkKrBxTz@ya.ru,DELETE,2024-09-15 01:59:52
tyEfqwUCJgK@mail.ru,READ,2024-09-15 19:18:43
tyEfqwUCJgK@mail.ru,DELETE,2024-09-15 22:56:11
ewJrlMqm@ya.ru,CREATE,2024-09-15 01:18:13
lmKdDH@ya.ru,DELETE,2024-09-15 07:47:13
oqWcc@mail.ru,UPDATE,2024-09-15 01:28:03
KxIlCkKrBxTz@ya.ru,READ,2024-09-15 07:04:11
qdvvSuCYKNY@mail.ru,READ,2024-09-15 19:11:14
BSqsEmLNSSNgsm@mail.ru,UPDATE,2024-09-15 14:43:27
qdvvSuCYKNY@mail.ru,READ,2024-09-15 08:05:56
BSqsEmLNSSNgsm@mail.ru,CREATE,2024-09-15 04:37:59
oqWcc@mail.ru,CREATE,2024-09-15 20:01:30
ewJrlMqm@ya.ru,READ,2024-09-15 03:11:02
IHxDlHOMbkyGL@mail.ru,READ,2024-09-15 00:17:08
BSqsEmLNSSNgsm@mail.ru,CREATE,2024-09-15 15:24:26
tyEfqwUCJgK@mail.ru,CREATE,2024-09-15 12:54:48
ewJrlMqm@ya.ru,READ,2024-09-15 07:46:18
WnRjJLIJwlAf@ya.ru,DELETE,2024-09-15 13:05:43
oqWcc@mail.ru,DELETE,2024-09-15 09:07:59
lmKdDH@ya.ru,UPDATE,2024-09-15 10:43:47
bvCYJMcIK@gmail.com,CREATE,2024-09-15 14:40:26
KxIlCkKrBxTz@ya.ru,UPDATE,2024-09-15 04:32:40
WnRjJLIJwlAf@ya.ru,UPDATE,2024-09-15 18:56:29
KxIlCkKrBxTz@ya.ru,DELETE,2024-09-15 12:28:30
tyEfqwUCJgK@mail.ru,UPDATE,2024-09-15 19:49:51
lmKdDH@ya.ru,READ,2024-09-15 11:34:43
WnRjJLIJwlAf@ya.ru,CREATE,2024-09-15 06:00:08
tyEfqwUCJgK@mail.ru,UPDATE,2024-09-15 06:10:14
tyEfqwUCJgK@mail.ru,READ,2024-09-15 11:11:17
oqWcc@mail.ru,UPDATE,2024-09-15 15:27:02
WnRjJLIJwlAf@ya.ru,CREATE,2024-09-15 17:34:10
KxIlCkKrBxTz@ya.ru,READ,2024-09-15 17:16:41
oqWcc@mail.ru,DELETE,2024-09-15 16:49:36
oqWcc@mail.ru,CREATE,2024-09-15 21:35:47
lmKdDH@ya.ru,DELETE,2024-09-15 16:47:46
lmKdDH@ya.ru,READ,2024-09-15 07:50:11
tyEfqwUCJgK@mail.ru,CREATE,2024-09-15 22:23:17
ewJrlMqm@ya.ru,UPDATE,2024-09-15 16:34:55
bvCYJMcIK@gmail.com,UPDATE,2024-09-15 13:36:51
BSqsEmLNSSNgsm@mail.ru,CREATE,2024-09-15 15:54:11
ewJrlMqm@ya.ru,DELETE,2024-09-15 12:37:40
KxIlCkKrBxTz@ya.ru,READ,2024-09-15 06:26:15
BSqsEmLNSSNgsm@mail.ru,CREATE,2024-09-15 20:12:20
ewJrlMqm@ya.ru,READ,2024-09-15 16:42:06
IHxDlHOMbkyGL@mail.ru,CREATE,2024-09-15 01:18:34
qdvvSuCYKNY@mail.ru,UPDATE,2024-09-15 08:32:33
WnRjJLIJwlAf@ya.ru,READ,2024-09-15 04:38:06
oqWcc@mail.ru,UPDATE,2024-09-15 08:19:30
lmKdDH@ya.ru,CREATE,2024-09-15 00:25:32
bvCYJMcIK@gmail.com,READ,2024-09-15 10:11:33
oqWcc@mail.ru,READ,2024-09-15 04:31:46
WnRjJLIJwlAf@ya.ru,DELETE,2024-09-15 16:40:43
IHxDlHOMbkyGL@mail.ru,UPDATE,2024-09-15 05:10:51
qdvvSuCYKNY@mail.ru,CREATE,2024-09-15 06:57:00
KxIlCkKrBxTz@ya.ru,READ,2024-09-15 17:35:31
lmKdDH@ya.ru,READ,2024-09-15 05:53:01
lmKdDH@ya.ru,UPDATE,2024-09-15 17:50:56
ewJrlMqm@ya.ru,CREATE,2024-09-15 20:01:46
oqWcc@mail.ru,DELETE,2024-09-15 18:52:41
BSqsEmLNSSNgsm@mail.ru,CREATE,2024-09-15 01:37:26
lmKdDH@ya.ru,UPDATE,2024-09-15 19:25:44
bvCYJMcIK@gmail.com,DELETE,2024-09-15 13:50:28
oqWcc@mail.ru,CREATE,2024-09-15 20:33:46
ewJrlMqm@ya.ru,CREATE,2024-09-15 22:59:19
ewJrlMqm@ya.ru,UPDATE,2024-09-15 13:07:10
tyEfqwUCJgK@mail.ru,CREATE,2024-09-15 13:42:49
oqWcc@mail.ru,UPDATE,2024-09-15 22:26:13
oqWcc@mail.ru,CREATE,2024-09-15 15:53:04
tyEfqwUCJgK@mail.ru,CREATE,2024-09-15 08:27:28
WnRjJLIJwlAf@ya.ru,UPDATE,2024-09-15 15:31:36
ewJrlMqm@ya.ru,DELETE,2024-09-15 15:03:25
lmKdDH@ya.ru,READ,2024-09-15 06:31:48
lmKdDH@ya.ru,DELETE,2024-09-15 17:28:22
lmKdDH@ya.ru,READ,2024-09-15 06:22:48
WnRjJLIJwlAf@ya.ru,UPDATE,2024-09-15 18:42:42
qdvvSuCYKNY@mail.ru,UPDATE,2024-09-15 07:51:13
bvCYJMcIK@gmail.com,READ,2024-09-15 13:33:09
lmKdDH@ya.ru,UPDATE,2024-09-15 15:13:48
IHxDlHOMbkyGL@mail.ru,READ,2024-09-15 19:53:41
lmKdDH@ya.ru,DELETE,2024-09-15 20:51:25
ewJrlMqm@ya.ru,READ,2024-09-15 07:15:47
qdvvSuCYKNY@mail.ru,READ,2024-09-15 11:54:57
IHxDlHOMbkyGL@mail.ru,READ,2024-09-15 17:59:06
WnRjJLIJwlAf@ya.ru,UPDATE,2024-09-15 08:29:09
IHxDlHOMbkyGL@mail.ru,READ,2024-09-15 04:20:41
qdvvSuCYKNY@mail.ru,READ,2024-09-15 12:21:13
bvCYJMcIK@gmail.com,READ,2024-09-15 00:48:52
BSqsEmLNSSNgsm@mail.ru,CREATE,2024-09-15 17:00:57
WnRjJLIJwlAf@ya.ru,UPDATE,2024-09-15 19:13:19
tyEfqwUCJgK@mail.ru,READ,2024-09-15 14:40:42
BSqsEmLNSSNgsm@mail.ru,DELETE,2024-09-15 10:56:31
BSqsEmLNSSNgsm@mail.ru,UPDATE,2024-09-15 05:09:54
BSqsEmLNSSNgsm@mail.ru,READ,2024-09-15 20:43:33
bvCYJMcIK@gmail.com,DELETE,2024-09-15 14:34:33
WnRjJLIJwlAf@ya.ru,DELETE,2024-09-15 00:54:23
KxIlCkKrBxTz@ya.ru,DELETE,2024-09-15 11:48:52
ewJrlMqm@ya.ru,UPDATE,2024-09-15 12:38:29
IHxDlHOMbkyGL@mail.ru,READ,2024-09-15 11:09:41
KxIlCkKrBxTz@ya.ru,CREATE,2024-09-15 00:00:22
ewJrlMqm@ya.ru,CREATE,2024-09-15 01:11:18
KxIlCkKrBxTz@ya.ru,UPDATE,2024-09-15 06:24:04
WnRjJLIJwlAf@ya.ru,UPDATE,2024-09-15 18:23:06
ewJrlMqm@ya.ru,CREATE,2024-09-15 18:39:53
lmKdDH@ya.ru,CREATE,2024-09-15 13:43:16
IHxDlHOMbkyGL@mail.ru,READ,2024-09-15 16:52:28
qdvvSuCYKNY@mail.ru,DELETE,2024-09-15 06:22:13
bvCYJMcIK@gmail.com,CREATE,2024-09-15 02:53:08
bvCYJMcIK@gmail.com,READ,2024-09-15 03:56:13
BSqsEmLNSSNgsm@mail.ru,DELETE,2024-09-15 14:41:38
ewJrlMqm@ya.ru,UPDATE,2024-09-15 03:58:35
KxIlCkKrBxTz@ya.ru,UPDATE,2024-09-15 11:34:57
tyEfqwUCJgK@mail.ru,CREATE,2024-09-15 13:26:42
bvCYJMcIK@gmail.com,CREATE,2024-09-15 22:24:57
lmKdDH@ya.ru,READ,2024-09-15 03:00:55
IHxDlHOMbkyGL@mail.ru,UPDATE,2024-09-15 11:26:21
IHxDlHOMbkyGL@mail.ru,CREATE,2024-09-15 13:22:31
IHxDlHOMbkyGL@mail.ru,CREATE,2024-09-15 22:03:35
ewJrlMqm@ya.ru,UPDATE,2024-09-15 23:55:16
qdvvSuCYKNY@mail.ru,UPDATE,2024-09-15 11:10:58
BSqsEmLNSSNgsm@mail.ru,UPDATE,2024-09-15 15:02:07
BSqsEmLNSSNgsm@mail.ru,UPDATE,2024-09-15 08:10:50
oqWcc@mail.ru,UPDATE,2024-09-15 21:32:42
tyEfqwUCJgK@mail.ru,CREATE,2024-09-15 20:41:43
tyEfqwUCJgK@mail.ru,DELETE,2024-09-15 03:27:16
bvCYJMcIK@gmail.com,DELETE,2024-09-15 19:13:44
BSqsEmLNSSNgsm@mail.ru,READ,2024-09-15 20:50:13
ewJrlMqm@ya.ru,UPDATE,2024-09-15 04:58:27
KxIlCkKrBxTz@ya.ru,DELETE,2024-09-15 22:13:23
WnRjJLIJwlAf@ya.ru,CREATE,2024-09-15 23:37:10
BSqsEmLNSSNgsm@mail.ru,CREATE,2024-09-15 04:38:25
bvCYJMcIK@gmail.com,DELETE,2024-09-15 08:14:04
lmKdDH@ya.ru,DELETE,2024-09-15 17:58:02
WnRjJLIJwlAf@ya.ru,READ,2024-09-15 14:53:55
tyEfqwUCJgK@mail.ru,UPDATE,2024-09-15 20:06:17
ewJrlMqm@ya.ru,READ,2024-09-15 17:12:09
WnRjJLIJwlAf@ya.ru,CREATE,2024-09-15 10:50:15
oqWcc@mail.ru,READ,2024-09-15 17:31:20
KxIlCkKrBxTz@ya.ru,UPDATE,2024-09-15 05:57:21
lmKdDH@ya.ru,CREATE,2024-09-15 19:47:15
bvCYJMcIK@gmail.com,READ,2024-09-15 15:23:20
bvCYJMcIK@gmail.com,DELETE,2024-09-15 02:21:14
WnRjJLIJwlAf@ya.ru,CREATE,2024-09-15 16:24:14
KxIlCkKrBxTz@ya.ru,CREATE,2024-09-15 11:50:53
BSqsEmLNSSNgsm@mail.ru,CREATE,2024-09-15 13:48:30
oqWcc@mail.ru,READ,2024-09-15 21:51:26
WnRjJLIJwlAf@ya.ru,READ,2024-09-15 05:57:30
oqWcc@mail.ru,DELETE,2024-09-15 00:41:49
KxIlCkKrBxTz@ya.ru,READ,2024-09-15 12:31:21
tyEfqwUCJgK@mail.ru,DELETE,2024-09-15 22:58:39
oqWcc@mail.ru,DELETE,2024-09-15 08:01:30
lmKdDH@ya.ru,CREATE,2024-09-15 04:11:38
bvCYJMcIK@gmail.com,UPDATE,2024-09-15 18:21:34
WnRjJLIJwlAf@ya.ru,DELETE,2024-09-15 15:48:25
KxIlCkKrBxTz@ya.ru,READ,2024-09-15 09:01:48
lmKdDH@ya.ru,UPDATE,2024-09-15 06:17:41
qdvvSuCYKNY@mail.ru,CREATE,2024-09-15 08:20:12
tyEfqwUCJgK@mail.ru,UPDATE,2024-09-15 08:37:06
qdvvSuCYKNY@mail.ru,CREATE,2024-09-15 14:52:20
KxIlCkKrBxTz@ya.ru,READ,2024-09-15 20:48:55
qdvvSuCYKNY@mail.ru,DELETE,2024-09-15 09:23:50
ewJrlMqm@ya.ru,UPDATE,2024-09-15 20:30:59
tyEfqwUCJgK@mail.ru,READ,2024-09-15 13:21:26
lmKdDH@ya.ru,READ,2024-09-15 16:06:33
ewJrlMqm@ya.ru,DELETE,2024-09-15 20:34:44
ewJrlMqm@ya.ru,UPDATE,2024-09-15 15:51:57
IHxDlHOMbkyGL@mail.ru,UPDATE,2024-09-15 23:44:55
WnRjJLIJwlAf@ya.ru,DELETE,2024-09-15 11:31:23
oqWcc@mail.ru,CREATE,2024-09-15 06:02:31
KxIlCkKrBxTz@ya.ru,UPDATE,2024-09-15 11:12:29
tyEfqwUCJgK@mail.ru,UPDATE,2024-09-15 18:19:27
qdvvSuCYKNY@mail.ru,CREATE,2024-09-15 02:22:47
WnRjJLIJwlAf@ya.ru,READ,2024-09-15 04:58:47
tyEfqwUCJgK@mail.ru,UPDATE,2024-09-15 00:09:49
bvCYJMcIK@gmail.com,DELETE,2024-09-15 17:21:51
tyEfqwUCJgK@mail.ru,READ,2024-09-15 04:08:36
qdvvSuCYKNY@mail.ru,DELETE,2024-09-15 11:46:24
lmKdDH@ya.ru,READ,2024-09-15 08:09:40
WnRjJLIJwlAf@ya.ru,READ,2024-09-15 18:55:11
qdvvSuCYKNY@mail.ru,READ,2024-09-15 12:47:49
lmKdDH@ya.ru,DELETE,2024-09-15 06:03:40
BSqsEmLNSSNgsm@mail.ru,READ,2024-09-15 11:59:08
WnRjJLIJwlAf@ya.ru,READ,2024-09-15 08:52:22
BSqsEmLNSSNgsm@mail.ru,CREATE,2024-09-15 11:42:37
KxIlCkKrBxTz@ya.ru,READ,2024-09-15 16:02:25
WnRjJLIJwlAf@ya.ru,READ,2024-09-15 04:02:11
KxIlCkKrBxTz@ya.ru,CREATE,2024-09-15 22:14:04
BSqsEmLNSSNgsm@mail.ru,READ,2024-09-15 04:57:39
tyEfqwUCJgK@mail.ru,UPDATE,2024-09-15 08:30:07
WnRjJLIJwlAf@ya.ru,UPDATE,2024-09-15 08:36:58
WnRjJLIJwlAf@ya.ru,UPDATE,2024-09-15 11:01:47
lmKdDH@ya.ru,DELETE,2024-09-15 11:26:47
oqWcc@mail.ru,CREATE,2024-09-15 14:41:43
tyEfqwUCJgK@mail.ru,UPDATE,2024-09-15 14:17:18
ewJrlMqm@ya.ru,DELETE,2024-09-15 05:04:47
lmKdDH@ya.ru,CREATE,2024-09-15 17:00:21
bvCYJMcIK@gmail.com,DELETE,2024-09-15 18:27:35
lmKdDH@ya.ru,READ,2024-09-15 15:25:08
qdvvSuCYKNY@mail.ru,DELETE,2024-09-15 18:44:18
KxIlCkKrBxTz@ya.ru,DELETE,2024-09-15 11:01:58
oqWcc@mail.ru,READ,2024-09-15 04:06:17
qdvvSuCYKNY@mail.ru,DELETE,2024-09-15 13:34:31
tyEfqwUCJgK@mail.ru,DELETE,2024-09-15 04:04:56
ewJrlMqm@ya.ru,DELETE,2024-09-15 21:06:52
oqWcc@mail.ru,DELETE,2024-09-15 02:06:06
ewJrlMqm@ya.ru,READ,2024-09-15 08:35:03
BSqsEmLNSSNgsm@mail.ru,CREATE,2024-09-15 08:48:01
WnRjJLIJwlAf@ya.ru,CREATE,2024-09-15 22:44:56
IHxDlHOMbkyGL@mail.ru,UPDATE,2024-09-15 05:18:06
bvCYJMcIK@gmail.com,DELETE,2024-09-15 13:03:28
ewJrlMqm@ya.ru,READ,2024-09-15 11:23:12
bvCYJMcIK@gmail.com,DELETE,2024-09-15 06:23:26
bvCYJMcIK@gmail.com,UPDATE,2024-09-15 15:28:45
tyEfqwUCJgK@mail.ru,CREATE,2024-09-15 00:48:50
oqWcc@mail.ru,CREATE,2024-09-15 03:20:44
KxIlCkKrBxTz@ya.ru,UPDATE,2024-09-15 20:54:53
ewJrlMqm@ya.ru,READ,2024-09-15 13:36:34
oqWcc@mail.ru,DELETE,2024-09-15 09:38:04
lmKdDH@ya.ru,UPDATE,2024-09-15 17:19:05
tyEfqwUCJgK@mail.ru,CREATE,2024-09-15 04:22:31
BSqsEmLNSSNgsm@mail.ru,UPDATE,2024-09-15 15:31:47
ewJrlMqm@ya.ru,UPDATE,2024-09-15 10:58:12
WnRjJLIJwlAf@ya.ru,READ,2024-09-15 23:38:55
BSqsEmLNSSNgsm@mail.ru,DELETE,2024-09-15 22:11:56
KxIlCkKrBxTz@ya.ru,DELETE,2024-09-15 15:37:57
BSqsEmLNSSNgsm@mail.ru,READ,2024-09-15 15:09:02
IHxDlHOMbkyGL@mail.ru,DELETE,2024-09-15 19:58:15
oqWcc@mail.ru,UPDATE,2024-09-15 19:42:55
BSqsEmLNSSNgsm@mail.ru,UPDATE,2024-09-15 11:03:00
lmKdDH@ya.ru,UPDATE,2024-09-15 18:15:51
KxIlCkKrBxTz@ya.ru,READ,2024-09-15 16:57:51
lmKdDH@ya.ru,DELETE,2024-09-15 17:48:41
oqWcc@mail.ru,READ,2024-09-15 21:42:00
bvCYJMcIK@gmail.com,CREATE,2024-09-15 10:52:20
KxIlCkKrBxTz@ya.ru,DELETE,2024-09-15 21:46:15
oqWcc@mail.ru,UPDATE,2024-09-15 00:46:24
WnRjJLIJwlAf@ya.ru,DELETE,2024-09-15 09:59:57
KxIlCkKrBxTz@ya.ru,UPDATE,2024-09-15 20:16:34
KxIlCkKrBxTz@ya.ru,DELETE,2024-09-15 13:43:50
lmKdDH@ya.ru,UPDATE,2024-09-15 00:32:48
oqWcc@mail.ru,DELETE,2024-09-15 01:43:06
lmKdDH@ya.ru,CREATE,2024-09-15 15:55:21
bvCYJMcIK@gmail.com,UPDATE,2024-09-15 03:16:37
qdvvSuCYKNY@mail.ru,READ,2024-09-15 19:55:58
oqWcc@mail.ru,CREATE,2024-09-15 18:26:39
tyEfqwUCJgK@mail.ru,READ,2024-09-15 19:39:08
BSqsEmLNSSNgsm@mail.ru,CREATE,2024-09-15 06:36:36
KxIlCkKrBxTz@ya.ru,CREATE,2024-09-15 01:20:06
ewJrlMqm@ya.ru,CREATE,2024-09-15 00:07:59
tyEfqwUCJgK@mail.ru,CREATE,2024-09-15 08:14:15
WnRjJLIJwlAf@ya.ru,DELETE,2024-09-15 04:20:18
KxIlCkKrBxTz@ya.ru,READ,2024-09-15 07:04:37
WnRjJLIJwlAf@ya.ru,UPDATE,2024-09-15 09:18:14
oqWcc@mail.ru,UPDATE,2024-09-15 03:28:47
IHxDlHOMbkyGL@mail.ru,READ,2024-09-15 17:05:57
WnRjJLIJwlAf@ya.ru,DELETE,2024-09-15 16:48:13
bvCYJMcIK@gmail.com,READ,2024-09-15 08:26:23
lmKdDH@ya.ru,UPDATE,2024-09-15 05:04:08
ewJrlMqm@ya.ru,UPDATE,2024-09-15 21:48:27
lmKdDH@ya.ru,READ,2024-09-15 23:24:14
BSqsEmLNSSNgsm@mail.ru,UPDATE,2024-09-15 15:37:03
bvCYJMcIK@gmail.com,CREATE,2024-09-15 09:08:37
oqWcc@mail.ru,READ,2024-09-15 22:03:49
BSqsEmLNSSNgsm@mail.ru,READ,2024-09-15 02:08:38
tyEfqwUCJgK@mail.ru,CREATE,2024-09-15 04:36:52
lmKdDH@ya.ru,DELETE,2024-09-15 02:52:44
qdvvSuCYKNY@mail.ru,DELETE,2024-09-15 08:19:16
KxIlCkKrBxTz@ya.ru,READ,2024-09-15 10:10:32
ewJrlMqm@ya.ru,CREATE,2024-09-15 03:32:45
ewJrlMqm@ya.ru,DELETE,2024-09-15 17:45:36
tyEfqwUCJgK@mail.ru,READ,2024-09-15 03:47:32
tyEfqwUCJgK@mail.ru,READ,2024-09-15 04:32:36
tyEfqwUCJgK@mail.ru,DELETE,2024-09-15 10:33:57
BSqsEmLNSSNgsm@mail.ru,UPDATE,2024-09-15 05:53:44
tyEfqwUCJgK@mail.ru,READ,2024-09-15 12:28:39
tyEfqwUCJgK@mail.ru,READ,2024-09-15 11:25:44
tyEfqwUCJgK@mail.ru,DELETE,2024-09-15 04:12:43
IHxDlHOMbkyGL@mail.ru,CREATE,2024-09-15 23:14:33
IHxDlHOMbkyGL@mail.ru,UPDATE,2024-09-15 13:23:57
bvCYJMcIK@gmail.com,DELETE,2024-09-15 22:20:06
bvCYJMcIK@gmail.com,DELETE,2024-09-15 20:29:20
lmKdDH@ya.ru,READ,2024-09-15 05:41:47
qdvvSuCYKNY@mail.ru,READ,2024-09-15 07:35:13
lmKdDH@ya.ru,UPDATE,2024-09-15 07:09:18
IHxDlHOMbkyGL@mail.ru,DELETE,2024-09-15 11:27:25
ewJrlMqm@ya.ru,UPDATE,2024-09-15 11:21:43
bvCYJMcIK@gmail.com,CREATE,2024-09-15 09:49:22
qdvvSuCYKNY@mail.ru,UPDATE,2024-09-15 11:19:31
KxIlCkKrBxTz@ya.ru,UPDATE,2024-09-15 07:30:42
lmKdDH@ya.ru,CREATE,2024-09-15 02:31:44
ewJrlMqm@ya.ru,READ,2024-09-15 16:51:24
bvCYJMcIK@gmail.com,READ,2024-09-15 14:48:21
oqWcc@mail.ru,READ,2024-09-15 08:45:52
bvCYJMcIK@gmail.com,UPDATE,2024-09-15 08:45:55
oqWcc@mail.ru,READ,2024-09-15 22:48:53
IHxDlHOMbkyGL@mail.ru,CREATE,2024-09-15 13:30:20
WnRjJLIJwlAf@ya.ru,DELETE,2024-09-15 03:56:49
WnRjJLIJwlAf@ya.ru,CREATE,2024-09-15 09:49:35
WnRjJLIJwlAf@ya.ru,UPDATE,2024-09-15 13:53:32
qdvvSuCYKNY@mail.ru,CREATE,2024-09-15 23:58:19
tyEfqwUCJgK@mail.ru,UPDATE,2024-09-15 18:50:45
BSqsEmLNSSNgsm@mail.ru,CREATE,2024-09-15 19:55:16
KxIlCkKrBxTz@ya.ru,DELETE,2024-09-15 13:17:17
qdvvSuCYKNY@mail.ru,READ,2024-09-15 08:52:32
KxIlCkKrBxTz@ya.ru,UPDATE,2024-09-15 09:26:23
WnRjJLIJwlAf@ya.ru,UPDATE,2024-09-15 12:52:13
WnRjJLIJwlAf@ya.ru,UPDATE,2024-09-15 13:40:32
qdvvSuCYKNY@mail.ru,DELETE,2024-09-15 09:35:05
WnRjJLIJwlAf@ya.ru,CREATE,2024-09-15 12:28:22
WnRjJLIJwlAf@ya.ru,CREATE,2024-09-15 13:21:05
lmKdDH@ya.ru,CREATE,2024-09-15 01:25:00
oqWcc@mail.ru,UPDATE,2024-09-15 03:54:19
BSqsEmLNSSNgsm@mail.ru,READ,2024-09-15 14:04:37
BSqsEmLNSSNgsm@mail.ru,READ,2024-09-15 08:33:06
tyEfqwUCJgK@mail.ru,READ,2024-09-15 03:06:21
BSqsEmLNSSNgsm@mail.ru,CREATE,2024-09-15 04:45:02
IHxDlHOMbkyGL@mail.ru,UPDATE,2024-09-15 07:31:32
qdvvSuCYKNY@mail.ru,CREATE,2024-09-15 07:11:37
ewJrlMqm@ya.ru,CREATE,2024-09-15 09:29:31
bvCYJMcIK@gmail.com,UPDATE,2024-09-15 21:31:59
lmKdDH@ya.ru,UPDATE,2024-09-15 07:57:37
IHxDlHOMbkyGL@mail.ru,READ,2024-09-15 08:12:20
WnRjJLIJwlAf@ya.ru,READ,2024-09-15 12:00:52
bvCYJMcIK@gmail.com,UPDATE,2024-09-15 23:55:01
qdvvSuCYKNY@mail.ru,UPDATE,2024-09-15 18:29:53
IHxDlHOMbkyGL@mail.ru,DELETE,2024-09-15 06:33:56
IHxDlHOMbkyGL@mail.ru,DELETE,2024-09-15 21:07:55
qdvvSuCYKNY@mail.ru,READ,2024-09-15 05:33:04
bvCYJMcIK@gmail.com,READ,2024-09-15 17:53:12
bvCYJMcIK@gmail.com,CREATE,2024-09-15 15:30:52
qdvvSuCYKNY@mail.ru,READ,2024-09-15 09:22:45
qdvvSuCYKNY@mail.ru,CREATE,2024-09-15 07:50:15
IHxDlHOMbkyGL@mail.ru,CREATE,2024-09-15 23:36:37
BSqsEmLNSSNgsm@mail.ru,CREATE,2024-09-15 14:24:33
bvCYJMcIK@gmail.com,UPDATE,2024-09-15 12:45:03
WnRjJLIJwlAf@ya.ru,READ,2024-09-15 23:18:49
lmKdDH@ya.ru,UPDATE,2024-09-15 05:41:59
KxIlCkKrBxTz@ya.ru,DELETE,2024-09-15 20:38:53
BSqsEmLNSSNgsm@mail.ru,READ,2024-09-15 03:59:08
lmKdDH@ya.ru,CREATE,2024-09-15 06:28:30
IHxDlHOMbkyGL@mail.ru,READ,2024-09-15 07:50:17
KxIlCkKrBxTz@ya.ru,DELETE,2024-09-15 15:24:45
qdvvSuCYKNY@mail.ru,UPDATE,2024-09-15 04:40:08
qdvvSuCYKNY@mail.ru,READ,2024-09-15 13:19:18
KxIlCkKrBxTz@ya.ru,READ,2024-09-15 01:12:57
tyEfqwUCJgK@mail.ru,CREATE,2024-09-15 16:15:58
KxIlCkKrBxTz@ya.ru,DELETE,2024-09-15 12:50:34
IHxDlHOMbkyGL@mail.ru,DELETE,2024-09-15 23:25:04
WnRjJLIJwlAf@ya.ru,UPDATE,2024-09-15 22:38:29
BSqsEmLNSSNgsm@mail.ru,DELETE,2024-09-15 21:49:35
IHxDlHOMbkyGL@mail.ru,CREATE,2024-09-15 18:23:42
ewJrlMqm@ya.ru,CREATE,2024-09-15 20:17:22
IHxDlHOMbkyGL@mail.ru,CREATE,2024-09-15 12:32:47
bvCYJMcIK@gmail.com,READ,2024-09-15 08:53:37
bvCYJMcIK@gmail.com,UPDATE,2024-09-15 14:05:08
BSqsEmLNSSNgsm@mail.ru,CREATE,2024-09-15 07:23:16
ewJrlMqm@ya.ru,DELETE,2024-09-15 08:13:42
ewJrlMqm@ya.ru,CREATE,2024-09-15 09:27:02
KxIlCkKrBxTz@ya.ru,CREATE,2024-09-15 21:17:40
ewJrlMqm@ya.ru,READ,2024-09-15 14:39:48
KxIlCkKrBxTz@ya.ru,READ,2024-09-15 14:04:24
IHxDlHOMbkyGL@mail.ru,UPDATE,2024-09-15 16:54:22
tyEfqwUCJgK@mail.ru,DELETE,2024-09-15 13:49:28
KxIlCkKrBxTz@ya.ru,READ,2024-09-15 19:25:31
IHxDlHOMbkyGL@mail.ru,READ,2024-09-15 18:38:33
WnRjJLIJwlAf@ya.ru,UPDATE,2024-09-15 00:08:42
BSqsEmLNSSNgsm@mail.ru,DELETE,2024-09-15 17:58:30
bvCYJMcIK@gmail.com,READ,2024-09-15 03:39:15
lmKdDH@ya.ru,READ,2024-09-15 07:47:46
qdvvSuCYKNY@mail.ru,READ,2024-09-15 22:23:42
WnRjJLIJwlAf@ya.ru,UPDATE,2024-09-15 04:39:14
IHxDlHOMbkyGL@mail.ru,READ,2024-09-15 19:00:09
bvCYJMcIK@gmail.com,READ,2024-09-15 18:29:35
IHxDlHOMbkyGL@mail.ru,DELETE,2024-09-15 23:04:07
KxIlCkKrBxTz@ya.ru,READ,2024-09-15 06:17:55
BSqsEmLNSSNgsm@mail.ru,UPDATE,2024-09-15 03:33:34
lmKdDH@ya.ru,DELETE,2024-09-15 12:24:27
oqWcc@mail.ru,DELETE,2024-09-15 13:58:12
tyEfqwUCJgK@mail.ru,UPDATE,2024-09-15 21:35:39
tyEfqwUCJgK@mail.ru,UPDATE,2024-09-15 02:12:43
bvCYJMcIK@gmail.com,DELETE,2024-09-15 03:36:48
KxIlCkKrBxTz@ya.ru,READ,2024-09-15 03:52:37
bvCYJMcIK@gmail.com,CREATE,2024-09-15 10:38:12
BSqsEmLNSSNgsm@mail.ru,READ,2024-09-15 05:35:39
KxIlCkKrBxTz@ya.ru,DELETE,2024-09-15 00:31:35
ewJrlMqm@ya.ru,READ,2024-09-15 16:42:41
qdvvSuCYKNY@mail.ru,READ,2024-09-15 01:05:46
KxIlCkKrBxTz@ya.ru,CREATE,2024-09-15 21:39:46
qdvvSuCYKNY@mail.ru,UPDATE,2024-09-15 21:13:58
tyEfqwUCJgK@mail.ru,READ,2024-09-15 13:55:46
ewJrlMqm@ya.ru,READ,2024-09-15 16:47:31
bvCYJMcIK@gmail.com,UPDATE,2024-09-15 17:50:12
bvCYJMcIK@gmail.com,CREATE,2024-09-15 11:31:09
tyEfqwUCJgK@mail.ru,UPDATE,2024-09-15 02:29:34
bvCYJMcIK@gmail.com,UPDATE,2024-09-15 03:00:21
bvCYJMcIK@gmail.com,CREATE,2024-09-15 15:50:18
tyEfqwUCJgK@mail.ru,CREATE,2024-09-15 20:53:52
lmKdDH@ya.ru,CREATE,2024-09-15 08:59:19
KxIlCkKrBxTz@ya.ru,UPDATE,2024-09-15 07:01:08
tyEfqwUCJgK@mail.ru,DELETE,2024-09-15 00:48:46
KxIlCkKrBxTz@ya.ru,CREATE,2024-09-15 10:47:05
qdvvSuCYKNY@mail.ru,UPDATE,2024-09-15 02:26:22
IHxDlHOMbkyGL@mail.ru,CREATE,2024-09-15 12:23:54
KxIlCkKrBxTz@ya.ru,UPDATE,2024-09-15 20:39:12
KxIlCkKrBxTz@ya.ru,READ,2024-09-15 23:46:02
BSqsEmLNSSNgsm@mail.ru,CREATE,2024-09-15 22:23:24
IHxDlHOMbkyGL@mail.ru,UPDATE,2024-09-15 01:19:56
IHxDlHOMbkyGL@mail.ru,UPDATE,2024-09-15 04:42:00
WnRjJLIJwlAf@ya.ru,UPDATE,2024-09-15 19:35:15
ewJrlMqm@ya.ru,READ,2024-09-15 09:35:05
KxIlCkKrBxTz@ya.ru,CREATE,2024-09-15 17:02:13
ewJrlMqm@ya.ru,READ,2024-09-15 06:41:56
bvCYJMcIK@gmail.com,DELETE,2024-09-15 16:00:14
BSqsEmLNSSNgsm@mail.ru,CREATE,2024-09-15 00:32:12
ewJrlMqm@ya.ru,UPDATE,2024-09-15 02:00:16
BSqsEmLNSSNgsm@mail.ru,DELETE,2024-09-15 16:02:34
KxIlCkKrBxTz@ya.ru,CREATE,2024-09-15 14:24:16
tyEfqwUCJgK@mail.ru,DELETE,2024-09-15 00:19:22
IHxDlHOMbkyGL@mail.ru,CREATE,2024-09-15 18:50:04
tyEfqwUCJgK@mail.ru,UPDATE,2024-09-15 10:12:12
qdvvSuCYKNY@mail.ru,UPDATE,2024-09-15 16:36:39
tyEfqwUCJgK@mail.ru,UPDATE,2024-09-15 17:09:06
BSqsEmLNSSNgsm@mail.ru,CREATE,2024-09-15 05:32:09
tyEfqwUCJgK@mail.ru,CREATE,2024-09-15 16:35:42
KxIlCkKrBxTz@ya.ru,CREATE,2024-09-15 19:50:55
IHxDlHOMbkyGL@mail.ru,CREATE,2024-09-15 16:29:58
lmKdDH@ya.ru,CREATE,2024-09-15 10:41:34
lmKdDH@ya.ru,CREATE,2024-09-15 02:46:21
BSqsEmLNSSNgsm@mail.ru,READ,2024-09-15 23:27:17
tyEfqwUCJgK@mail.ru,UPDATE,2024-09-15 02:52:59
BSqsEmLNSSNgsm@mail.ru,READ,2024-09-15 06:51:46
WnRjJLIJwlAf@ya.ru,DELETE,2024-09-15 02:31:38
qdvvSuCYKNY@mail.ru,CREATE,2024-09-15 22:36:35
BSqsEmLNSSNgsm@mail.ru,DELETE,2024-09-15 22:36:48
ewJrlMqm@ya.ru,READ,2024-09-15 08:12:02
lmKdDH@ya.ru,UPDATE,2024-09-15 11:11:37
oqWcc@mail.ru,CREATE,2024-09-15 02:47:15
ewJrlMqm@ya.ru,UPDATE,2024-09-15 05:30:20
KxIlCkKrBxTz@ya.ru,READ,2024-09-15 19:02:24
KxIlCkKrBxTz@ya.ru,DELETE,2024-09-15 01:34:28
qdvvSuCYKNY@mail.ru,READ,2024-09-15 14:02:45
ewJrlMqm@ya.ru,CREATE,2024-09-15 09:52:05
tyEfqwUCJgK@mail.ru,CREATE,2024-09-15 07:06:00
tyEfqwUCJgK@mail.ru,CREATE,2024-09-15 00:26:49
IHxDlHOMbkyGL@mail.ru,UPDATE,2024-09-15 23:19:44
oqWcc@mail.ru,READ,2024-09-15 15:17:32
WnRjJLIJwlAf@ya.ru,DELETE,2024-09-15 08:34:02
WnRjJLIJwlAf@ya.ru,UPDATE,2024-09-15 17:44:47
KxIlCkKrBxTz@ya.ru,CREATE,2024-09-15 00:35:23
lmKdDH@ya.ru,READ,2024-09-15 22:21:25
IHxDlHOMbkyGL@mail.ru,READ,2024-09-15 13:25:30
lmKdDH@ya.ru,UPDATE,2024-09-15 18:31:34
tyEfqwUCJgK@mail.ru,UPDATE,2024-09-15 09:57:17
lmKdDH@ya.ru,READ,2024-09-15 20:36:31
qdvvSuCYKNY@mail.ru,UPDATE,2024-09-15 06:15:53
bvCYJMcIK@gmail.com,DELETE,2024-09-15 06:54:32
KxIlCkKrBxTz@ya.ru,UPDATE,2024-09-15 13:24:35
tyEfqwUCJgK@mail.ru,UPDATE,2024-09-15 08:10:01
lmKdDH@ya.ru,READ,2024-09-15 20:15:05
ewJrlMqm@ya.ru,DELETE,2024-09-15 06:40:58
qdvvSuCYKNY@mail.ru,UPDATE,2024-09-15 07:42:32
qdvvSuCYKNY@mail.ru,CREATE,2024-09-15 20:45:50
BSqsEmLNSSNgsm@mail.ru,CREATE,2024-09-15 18:46:18
ewJrlMqm@ya.ru,DELETE,2024-09-15 16:29:14
tyEfqwUCJgK@mail.ru,CREATE,2024-09-15 07:36:57
lmKdDH@ya.ru,READ,2024-09-15 05:14:30
WnRjJLIJwlAf@ya.ru,DELETE,2024-09-15 22:24:56
lmKdDH@ya.ru,CREATE,2024-09-15 09:29:55
BSqsEmLNSSNgsm@mail.ru,UPDATE,2024-09-15 01:42:26
BSqsEmLNSSNgsm@mail.ru,UPDATE,2024-09-15 10:19:30
oqWcc@mail.ru,CREATE,2024-09-15 16:19:00
ewJrlMqm@ya.ru,READ,2024-09-15 00:33:52
BSqsEmLNSSNgsm@mail.ru,READ,2024-09-15 08:13:44
qdvvSuCYKNY@mail.ru,READ,2024-09-15 06:42:10
IHxDlHOMbkyGL@mail.ru,READ,2024-09-15 12:52:04
oqWcc@mail.ru,UPDATE,2024-09-15 21:43:29
KxIlCkKrBxTz@ya.ru,READ,2024-09-15 05:35:02
WnRjJLIJwlAf@ya.ru,DELETE,2024-09-15 01:37:40
oqWcc@mail.ru,READ,2024-09-15 16:30:49
KxIlCkKrBxTz@ya.ru,CREATE,2024-09-15 09:11:16
qdvvSuCYKNY@mail.ru,CREATE,2024-09-15 06:39:34
oqWcc@mail.ru,READ,2024-09-15 13:09:59
KxIlCkKrBxTz@ya.ru,DELETE,2024-09-15 19:58:40
WnRjJLIJwlAf@ya.ru,DELETE,2024-09-15 04:46:39
BSqsEmLNSSNgsm@mail.ru,UPDATE,2024-09-15 21:45:45
oqWcc@mail.ru,DELETE,2024-09-15 21:59:14
tyEfqwUCJgK@mail.ru,UPDATE,2024-09-15 03:17:34
ewJrlMqm@ya.ru,DELETE,2024-09-15 17:30:19
ewJrlMqm@ya.ru,DELETE,2024-09-15 15:16:34
lmKdDH@ya.ru,READ,2024-09-15 10:48:27
tyEfqwUCJgK@mail.ru,CREATE,2024-09-15 13:02:54
BSqsEmLNSSNgsm@mail.ru,UPDATE,2024-09-15 15:55:15
lmKdDH@ya.ru,UPDATE,2024-09-15 12:56:36
KxIlCkKrBxTz@ya.ru,UPDATE,2024-09-15 06:19:10
lmKdDH@ya.ru,READ,2024-09-15 22:04:05
ewJrlMqm@ya.ru,CREATE,2024-09-15 14:55:36
ewJrlMqm@ya.ru,CREATE,2024-09-15 15:15:07
qdvvSuCYKNY@mail.ru,DELETE,2024-09-15 18:25:38
KxIlCkKrBxTz@ya.ru,CREATE,2024-09-15 09:04:56
WnRjJLIJwlAf@ya.ru,UPDATE,2024-09-15 14:27:05
tyEfqwUCJgK@mail.ru,CREATE,2024-09-15 20:10:20
IHxDlHOMbkyGL@mail.ru,READ,2024-09-15 08:18:42
KxIlCkKrBxTz@ya.ru,UPDATE,2024-09-15 13:29:13